rilname,panel,lib,file1,file2,strain_type
QG3086,alpha,HFTY3DMXY,HFTY3DMXY_n01_BCi.QG3086.fastq.gz,HFTY3DMXY_n02_BCi.QG3086.fastq.gz,ContinuousSibmating
QG3087,alpha,HFTY3DMXY,HFTY3DMXY_n01_BCi.QG3087.fastq.gz,HFTY3DMXY_n02_BCi.QG3087.fastq.gz,ContinuousSibmating
QG3089,alpha,HF753DRX7,HF753DRX7_n01_QG3089_TP25.fastq.gz,HF753DRX7_n02_QG3089_TP25.fastq.gz,ContinuousSibmating
QG3090,alpha,HFTY3DMXY,HFTY3DMXY_n01_BCi.QG3090.fastq.gz,HFTY3DMXY_n02_BCi.QG3090.fastq.gz,RestoredFromBackup
QG3091,alpha,HFTY3DMXY,HFTY3DMXY_n01_BCi.QG3091.fastq.gz,HFTY3DMXY_n02_BCi.QG3091.fastq.gz,ContinuousSibmating
QG3092,alpha,HFTY3DMXY,HFTY3DMXY_n01_BCi.QG3092.fastq.gz,HFTY3DMXY_n02_BCi.QG3092.fastq.gz,ContinuousSibmating
QG3093,alpha,HMJVKBGX7,HMJVKBGX7_n01_QG3093.fastq.gz,HMJVKBGX7_n02_QG3093.fastq.gz,ContinuousSibmating
QG3094,alpha,HMJVKBGX7,HMJVKBGX7_n01_QG3094.fastq.gz,HMJVKBGX7_n02_QG3094.fastq.gz,ContinuousSibmating
QG3095,alpha,H2L2LDSXC,H2L2LDSXC_l01_n01_A_QG3095.fastq.gz,H2L2LDSXC_l01_n02_A_QG3095.fastq.gz,ContinuousSibmating
QG3096,alpha,H2L2LDSXC,H2L2LDSXC_l01_n01_A_QG3096.fastq.gz,H2L2LDSXC_l01_n02_A_QG3096.fastq.gz,RestoredFromBackup
QG3097,alpha,HMJVKBGX7,HMJVKBGX7_n01_QG3097.fastq.gz,HMJVKBGX7_n02_QG3097.fastq.gz,ContinuousSibmating
QG3100,alpha,HMJVKBGX7,HMJVKBGX7_n01_QG3100.fastq.gz,HMJVKBGX7_n02_QG3100.fastq.gz,ContinuousSibmating
QG3101,alpha,HMJVKBGX7,HMJVKBGX7_n01_QG3101.fastq.gz,HMJVKBGX7_n02_QG3101.fastq.gz,ContinuousSibmating
QG3102,alpha,H53C5BGXJ,H53C5BGXJ_n01_3QG3102.fastq.gz,H53C5BGXJ_n02_3QG3102.fastq.gz,RestoredFromBackup
QG3103,alpha,HMJVKBGX7,HMJVKBGX7_n01_QG3103.fastq.gz,HMJVKBGX7_n02_QG3103.fastq.gz,RestoredFromBackup
QG3104,alpha,HMJVKBGX7,HMJVKBGX7_n01_QG3104.fastq.gz,HMJVKBGX7_n02_QG3104.fastq.gz,RestoredFromBackup
QG3105,alpha,HMJVKBGX7,HMJVKBGX7_n01_QG3105.fastq.gz,HMJVKBGX7_n02_QG3105.fastq.gz,RestoredFromBackup
QG3106,alpha,HMJVKBGX7,HMJVKBGX7_n01_QG3106.fastq.gz,HMJVKBGX7_n02_QG3106.fastq.gz,RestoredFromBackup
QG3107,alpha,HMJVKBGX7,HMJVKBGX7_n01_QG3107.fastq.gz,HMJVKBGX7_n02_QG3107.fastq.gz,ContinuousSibmating
QG3109,alpha,HMJVKBGX7,HMJVKBGX7_n01_QG3109.fastq.gz,HMJVKBGX7_n02_QG3109.fastq.gz,RestoredFromBackup
QG3110,alpha,H53C5BGXJ,H53C5BGXJ_n01_3QG3110.fastq.gz,H53C5BGXJ_n02_3QG3110.fastq.gz,ContinuousSibmating
QG3111,alpha,HMJVKBGX7,HMJVKBGX7_n01_QG3111.fastq.gz,HMJVKBGX7_n02_QG3111.fastq.gz,RestoredFromBackup
QG3112,alpha,HMJVKBGX7,HMJVKBGX7_n01_QG3112.fastq.gz,HMJVKBGX7_n02_QG3112.fastq.gz,ContinuousSibmating
QG3113,alpha,HMJVKBGX7,HMJVKBGX7_n01_QG3113.fastq.gz,HMJVKBGX7_n02_QG3113.fastq.gz,RestoredFromBackup
QG3114,alpha,H53C5BGXJ,H53C5BGXJ_n01_3QG3114.fastq.gz,H53C5BGXJ_n02_3QG3114.fastq.gz,ContinuousSibmating
QG3115,alpha,HMJVKBGX7,HMJVKBGX7_n01_QG3115.fastq.gz,HMJVKBGX7_n02_QG3115.fastq.gz,ContinuousSibmating
QG3116,alpha,HF753DRX7,HF753DRX7_n01_QG3116_TP25.fastq.gz,HF753DRX7_n02_QG3116_TP25.fastq.gz,ContinuousSibmating
QG3117,alpha,H2L2LDSXC,H2L2LDSXC_l01_n01_A_QG3117.fastq.gz,H2L2LDSXC_l01_n02_A_QG3117.fastq.gz,RestoredFromBackup
QG3118,alpha,H2L2LDSXC,H2L2LDSXC_l01_n01_A_QG3118.fastq.gz,H2L2LDSXC_l01_n02_A_QG3118.fastq.gz,RestoredFromBackup
QG3119,alpha,H2L2LDSXC,H2L2LDSXC_l01_n01_A_QG3119.fastq.gz,H2L2LDSXC_l01_n02_A_QG3119.fastq.gz,ContinuousSibmating
QG3120,alpha,H2L2LDSXC,H2L2LDSXC_l01_n01_A_QG3120.fastq.gz,H2L2LDSXC_l01_n02_A_QG3120.fastq.gz,ContinuousSibmating
QG3121,alpha,H2L2LDSXC,H2L2LDSXC_l01_n01_A_QG3121.fastq.gz,H2L2LDSXC_l01_n02_A_QG3121.fastq.gz,ContinuousSibmating
QG3122,alpha,H2L2LDSXC,H2L2LDSXC_l01_n01_A_QG3122.fastq.gz,H2L2LDSXC_l01_n02_A_QG3122.fastq.gz,ContinuousSibmating
QG3123,alpha,H53C5BGXJ,H53C5BGXJ_n01_3QG3123.fastq.gz,H53C5BGXJ_n02_3QG3123.fastq.gz,ContinuousSibmating
QG3124,alpha,H2L2LDSXC,H2L2LDSXC_l01_n01_A_QG3124.fastq.gz,H2L2LDSXC_l01_n02_A_QG3124.fastq.gz,ContinuousSibmating
QG3125,alpha,H2L2LDSXC,H2L2LDSXC_l01_n01_A_QG3125.fastq.gz,H2L2LDSXC_l01_n02_A_QG3125.fastq.gz,ContinuousSibmating
QG3126,alpha,HGV55BGXJ,HGV55BGXJ_n01_4QG3126.fastq.gz,HGV55BGXJ_n02_4QG3126.fastq.gz,RestoredFromBackup
QG3127,alpha,H2L2LDSXC,H2L2LDSXC_l01_n01_A_QG3127.fastq.gz,H2L2LDSXC_l01_n02_A_QG3127.fastq.gz,RestoredFromBackup
QG3128,alpha,H2L2LDSXC,H2L2LDSXC_l01_n01_A_QG3128.fastq.gz,H2L2LDSXC_l01_n02_A_QG3128.fastq.gz,ContinuousSibmating
QG3129,alpha,H2L2LDSXC,H2L2LDSXC_l01_n01_A_QG3129.fastq.gz,H2L2LDSXC_l01_n02_A_QG3129.fastq.gz,RestoredFromBackup
QG3130,alpha,H2L2LDSXC,H2L2LDSXC_l01_n01_A_QG3130.fastq.gz,H2L2LDSXC_l01_n02_A_QG3130.fastq.gz,RestoredFromBackup
QG3132,alpha,H2L2LDSXC,H2L2LDSXC_l01_n01_A_QG3132.fastq.gz,H2L2LDSXC_l01_n02_A_QG3132.fastq.gz,RestoredFromBackup
QG3134,alpha,H2L2LDSXC,H2L2LDSXC_l01_n01_A_QG3134.fastq.gz,H2L2LDSXC_l01_n02_A_QG3134.fastq.gz,RestoredFromBackup
QG3135,alpha,H2L2LDSXC,H2L2LDSXC_l01_n01_A_QG3135.fastq.gz,H2L2LDSXC_l01_n02_A_QG3135.fastq.gz,ContinuousSibmating
QG3136,alpha,H2L2LDSXC,H2L2LDSXC_l01_n01_A_QG3136.fastq.gz,H2L2LDSXC_l01_n02_A_QG3136.fastq.gz,ContinuousSibmating
QG3137,alpha,H2L2LDSXC,H2L2LDSXC_l01_n01_A_QG3137.fastq.gz,H2L2LDSXC_l01_n02_A_QG3137.fastq.gz,ContinuousSibmating
QG3138,alpha,H2L2LDSXC,H2L2LDSXC_l01_n01_A_QG3138.fastq.gz,H2L2LDSXC_l01_n02_A_QG3138.fastq.gz,ContinuousSibmating
QG3139,alpha,H2L2LDSXC,H2L2LDSXC_l01_n01_A_QG3139.fastq.gz,H2L2LDSXC_l01_n02_A_QG3139.fastq.gz,ContinuousSibmating
QG3140,alpha,H2L2LDSXC,H2L2LDSXC_l01_n01_A_QG3140.fastq.gz,H2L2LDSXC_l01_n02_A_QG3140.fastq.gz,ContinuousSibmating
QG3141,alpha,H2L2LDSXC,H2L2LDSXC_l01_n01_A_QG3141.fastq.gz,H2L2LDSXC_l01_n02_A_QG3141.fastq.gz,ContinuousSibmating
QG3142,alpha,H2L2LDSXC,H2L2LDSXC_l01_n01_A_QG3142.fastq.gz,H2L2LDSXC_l01_n02_A_QG3142.fastq.gz,RestoredFromBackup
QG3143,beta,H2L2LDSXC,H2L2LDSXC_l01_n01_B_QG3143.fastq.gz,H2L2LDSXC_l01_n02_B_QG3143.fastq.gz,ContinuousSibmating
QG3144,beta,H2L2LDSXC,H2L2LDSXC_l01_n01_B_QG3144.fastq.gz,H2L2LDSXC_l01_n02_B_QG3144.fastq.gz,ContinuousSibmating
QG3145,beta,H2L2LDSXC,H2L2LDSXC_l01_n01_B_QG3145.fastq.gz,H2L2LDSXC_l01_n02_B_QG3145.fastq.gz,RestoredFromBackup
QG3146,beta,H2L2LDSXC,H2L2LDSXC_l01_n01_B_QG3146.fastq.gz,H2L2LDSXC_l01_n02_B_QG3146.fastq.gz,ContinuousSibmating
QG3147,beta,H2L2LDSXC,H2L2LDSXC_l01_n01_B_QG3147.fastq.gz,H2L2LDSXC_l01_n02_B_QG3147.fastq.gz,ContinuousSibmating
QG3148,beta,H2L2LDSXC,H2L2LDSXC_l01_n01_B_QG3148.fastq.gz,H2L2LDSXC_l01_n02_B_QG3148.fastq.gz,RestoredFromBackup
QG3149,beta,H2L2LDSXC,H2L2LDSXC_l01_n01_B_QG3149.fastq.gz,H2L2LDSXC_l01_n02_B_QG3149.fastq.gz,ContinuousSibmating
QG3150,beta,H2L2LDSXC,H2L2LDSXC_l01_n01_B_QG3150.fastq.gz,H2L2LDSXC_l01_n02_B_QG3150.fastq.gz,ContinuousSibmating
QG3151,beta,H2L2LDSXC,H2L2LDSXC_l01_n01_B_QG3151.fastq.gz,H2L2LDSXC_l01_n02_B_QG3151.fastq.gz,RestoredFromBackup
QG3152,beta,H2L2LDSXC,H2L2LDSXC_l01_n01_B_QG3152.fastq.gz,H2L2LDSXC_l01_n02_B_QG3152.fastq.gz,RestoredFromBackup
QG3153,beta,H2L2LDSXC,H2L2LDSXC_l01_n01_B_QG3153.fastq.gz,H2L2LDSXC_l01_n02_B_QG3153.fastq.gz,ContinuousSibmating
QG3154,beta,H2L2LDSXC,H2L2LDSXC_l01_n01_B_QG3154.fastq.gz,H2L2LDSXC_l01_n02_B_QG3154.fastq.gz,RestoredFromBackup
QG3155,beta,H2L2LDSXC,H2L2LDSXC_l01_n01_B_QG3155.fastq.gz,H2L2LDSXC_l01_n02_B_QG3155.fastq.gz,ContinuousSibmating
QG3156,beta,H2L2LDSXC,H2L2LDSXC_l01_n01_B_QG3156.fastq.gz,H2L2LDSXC_l01_n02_B_QG3156.fastq.gz,ContinuousSibmating
QG3157,beta,H2L2LDSXC,H2L2LDSXC_l01_n01_B_QG3157.fastq.gz,H2L2LDSXC_l01_n02_B_QG3157.fastq.gz,ContinuousSibmating
QG3158,beta,H2L2LDSXC,H2L2LDSXC_l01_n01_B_QG3158.fastq.gz,H2L2LDSXC_l01_n02_B_QG3158.fastq.gz,ContinuousSibmating
QG3159,beta,H2L2LDSXC,H2L2LDSXC_l01_n01_B_QG3159.fastq.gz,H2L2LDSXC_l01_n02_B_QG3159.fastq.gz,ContinuousSibmating
QG3160,beta,H2L2LDSXC,H2L2LDSXC_l01_n01_B_QG3160.fastq.gz,H2L2LDSXC_l01_n02_B_QG3160.fastq.gz,ContinuousSibmating
QG3161,beta,H2L2LDSXC,H2L2LDSXC_l01_n01_B_QG3161.fastq.gz,H2L2LDSXC_l01_n02_B_QG3161.fastq.gz,ContinuousSibmating
QG3162,beta,H2L2LDSXC,H2L2LDSXC_l01_n01_B_QG3162.fastq.gz,H2L2LDSXC_l01_n02_B_QG3162.fastq.gz,ContinuousSibmating
QG3163,beta,H2L2LDSXC,H2L2LDSXC_l01_n01_B_QG3163.fastq.gz,H2L2LDSXC_l01_n02_B_QG3163.fastq.gz,RestoredFromBackup
QG3164,beta,H2L2LDSXC,H2L2LDSXC_l01_n01_B_QG3164.fastq.gz,H2L2LDSXC_l01_n02_B_QG3164.fastq.gz,ContinuousSibmating
QG3166,beta,H2L2LDSXC,H2L2LDSXC_l01_n01_B_QG3166.fastq.gz,H2L2LDSXC_l01_n02_B_QG3166.fastq.gz,ContinuousSibmating
QG3167,beta,H2L2LDSXC,H2L2LDSXC_l01_n01_B_QG3167.fastq.gz,H2L2LDSXC_l01_n02_B_QG3167.fastq.gz,RestoredFromBackup
QG3168,beta,H2L2LDSXC,H2L2LDSXC_l01_n01_B_QG3168.fastq.gz,H2L2LDSXC_l01_n02_B_QG3168.fastq.gz,ContinuousSibmating
QG3169,beta,H2L2LDSXC,H2L2LDSXC_l01_n01_B_QG3169.fastq.gz,H2L2LDSXC_l01_n02_B_QG3169.fastq.gz,ContinuousSibmating
QG3170,beta,H2L2LDSXC,H2L2LDSXC_l01_n01_B_QG3170.fastq.gz,H2L2LDSXC_l01_n02_B_QG3170.fastq.gz,ContinuousSibmating
QG3171,beta,H2L2LDSXC,H2L2LDSXC_l01_n01_B_QG3171.fastq.gz,H2L2LDSXC_l01_n02_B_QG3171.fastq.gz,ContinuousSibmating
QG3172,beta,H2L2LDSXC,H2L2LDSXC_l01_n01_B_QG3172.fastq.gz,H2L2LDSXC_l01_n02_B_QG3172.fastq.gz,ContinuousSibmating
QG3173,beta,H2L2LDSXC,H2L2LDSXC_l01_n01_B_QG3173.fastq.gz,H2L2LDSXC_l01_n02_B_QG3173.fastq.gz,ContinuousSibmating
QG3174,beta,H2L2LDSXC,H2L2LDSXC_l01_n01_B_QG3174.fastq.gz,H2L2LDSXC_l01_n02_B_QG3174.fastq.gz,RestoredFromBackup
QG3175,beta,H2L2LDSXC,H2L2LDSXC_l01_n01_B_QG3175.fastq.gz,H2L2LDSXC_l01_n02_B_QG3175.fastq.gz,ContinuousSibmating
QG3176,beta,H2L2LDSXC,H2L2LDSXC_l01_n01_B_QG3176.fastq.gz,H2L2LDSXC_l01_n02_B_QG3176.fastq.gz,ContinuousSibmating
QG3177,beta,H2L2LDSXC,H2L2LDSXC_l01_n01_B_QG3177.fastq.gz,H2L2LDSXC_l01_n02_B_QG3177.fastq.gz,RestoredFromBackup
QG3178,beta,H2L2LDSXC,H2L2LDSXC_l01_n01_B_QG3178.fastq.gz,H2L2LDSXC_l01_n02_B_QG3178.fastq.gz,ContinuousSibmating
QG3179,beta,H2L2LDSXC,H2L2LDSXC_l01_n01_B_QG3179.fastq.gz,H2L2LDSXC_l01_n02_B_QG3179.fastq.gz,ContinuousSibmating
QG3180,beta,H2L2LDSXC,H2L2LDSXC_l01_n01_B_QG3180.fastq.gz,H2L2LDSXC_l01_n02_B_QG3180.fastq.gz,RestoredFromBackup
QG3181,beta,H2L2LDSXC,H2L2LDSXC_l01_n01_B_QG3181.fastq.gz,H2L2LDSXC_l01_n02_B_QG3181.fastq.gz,ContinuousSibmating
QG3182,beta,H2L2LDSXC,H2L2LDSXC_l01_n01_B_QG3182.fastq.gz,H2L2LDSXC_l01_n02_B_QG3182.fastq.gz,ContinuousSibmating
QG3183,beta,H2L2LDSXC,H2L2LDSXC_l01_n01_B_QG3183.fastq.gz,H2L2LDSXC_l01_n02_B_QG3183.fastq.gz,ContinuousSibmating
QG3185,beta,H2L2LDSXC,H2L2LDSXC_l01_n01_B_QG3185.fastq.gz,H2L2LDSXC_l01_n02_B_QG3185.fastq.gz,RestoredFromBackup
QG3186,beta,H2L2LDSXC,H2L2LDSXC_l01_n01_B_QG3186.fastq.gz,H2L2LDSXC_l01_n02_B_QG3186.fastq.gz,ContinuousSibmating
QG3187,beta,H2L2LDSXC,H2L2LDSXC_l01_n01_B_QG3187.fastq.gz,H2L2LDSXC_l01_n02_B_QG3187.fastq.gz,ContinuousSibmating
QG3188,beta,H2L2LDSXC,H2L2LDSXC_l01_n01_B_QG3188.fastq.gz,H2L2LDSXC_l01_n02_B_QG3188.fastq.gz,RestoredFromBackup
QG3192,beta,H2L2LDSXC,H2L2LDSXC_l02_n01_B_QG3192.fastq.gz,H2L2LDSXC_l02_n02_B_QG3192.fastq.gz,ContinuousSibmating
QG3193,beta,H2L2LDSXC,H2L2LDSXC_l02_n01_B_QG3193.fastq.gz,H2L2LDSXC_l02_n02_B_QG3193.fastq.gz,RestoredFromBackup
QG3194,beta,H2L2LDSXC,H2L2LDSXC_l02_n01_B_QG3194.fastq.gz,H2L2LDSXC_l02_n02_B_QG3194.fastq.gz,ContinuousSibmating
QG3196,beta,H2L2LDSXC,H2L2LDSXC_l02_n01_B_QG3196.fastq.gz,H2L2LDSXC_l02_n02_B_QG3196.fastq.gz,RestoredFromBackup
QG3197,beta,H2L2LDSXC,H2L2LDSXC_l02_n01_B_QG3197.fastq.gz,H2L2LDSXC_l02_n02_B_QG3197.fastq.gz,RestoredFromBackup
QG3198,beta,HF753DRX7,HF753DRX7_n01_QG3198_TP25.fastq.gz,HF753DRX7_n02_QG3198_TP25.fastq.gz,ContinuousSibmating
QG3199,beta,H2L2LDSXC,H2L2LDSXC_l02_n01_B_QG3199.fastq.gz,H2L2LDSXC_l02_n02_B_QG3199.fastq.gz,ContinuousSibmating
QG3200,beta,H2L2LDSXC,H2L2LDSXC_l02_n01_B_QG3200.fastq.gz,H2L2LDSXC_l02_n02_B_QG3200.fastq.gz,ContinuousSibmating
QG3201,beta,H2L2LDSXC,H2L2LDSXC_l02_n01_B_QG3201.fastq.gz,H2L2LDSXC_l02_n02_B_QG3201.fastq.gz,RestoredFromBackup
QG3202,beta,H2L2LDSXC,H2L2LDSXC_l02_n01_B_QG3202.fastq.gz,H2L2LDSXC_l02_n02_B_QG3202.fastq.gz,RestoredFromBackup
QG3203,beta,H2L2LDSXC,H2L2LDSXC_l02_n01_B_QG3203.fastq.gz,H2L2LDSXC_l02_n02_B_QG3203.fastq.gz,ContinuousSibmating
QG3205,alpha,H2L2LDSXC,H2L2LDSXC_l02_n01_A_QG3205.fastq.gz,H2L2LDSXC_l02_n02_A_QG3205.fastq.gz,ContinuousSibmating
QG3206,alpha,H2L2LDSXC,H2L2LDSXC_l02_n01_A_QG3206.fastq.gz,H2L2LDSXC_l02_n02_A_QG3206.fastq.gz,ContinuousSibmating
QG3207,alpha,H2L2LDSXC,H2L2LDSXC_l02_n01_A_QG3207.fastq.gz,H2L2LDSXC_l02_n02_A_QG3207.fastq.gz,RestoredFromBackup
QG3208,alpha,H2L2LDSXC,H2L2LDSXC_l02_n01_A_QG3208.fastq.gz,H2L2LDSXC_l02_n02_A_QG3208.fastq.gz,ContinuousSibmating
QG3209,alpha,H2L2LDSXC,H2L2LDSXC_l02_n01_A_QG3209.fastq.gz,H2L2LDSXC_l02_n02_A_QG3209.fastq.gz,RestoredFromBackup
QG3211,alpha,H2L2LDSXC,H2L2LDSXC_l02_n01_A_QG3211.fastq.gz,H2L2LDSXC_l02_n02_A_QG3211.fastq.gz,ContinuousSibmating
QG3212,alpha,H2L2LDSXC,H2L2LDSXC_l02_n01_A_QG3212.fastq.gz,H2L2LDSXC_l02_n02_A_QG3212.fastq.gz,ContinuousSibmating
QG3213,alpha,H2L2LDSXC,H2L2LDSXC_l02_n01_A_QG3213.fastq.gz,H2L2LDSXC_l02_n02_A_QG3213.fastq.gz,RestoredFromBackup
QG3214,alpha,H2L2LDSXC,H2L2LDSXC_l02_n01_A_QG3214.fastq.gz,H2L2LDSXC_l02_n02_A_QG3214.fastq.gz,ContinuousSibmating
QG3215,alpha,H2L2LDSXC,H2L2LDSXC_l02_n01_A_QG3215.fastq.gz,H2L2LDSXC_l02_n02_A_QG3215.fastq.gz,ContinuousSibmating
QG3217,alpha,H2L2LDSXC,H2L2LDSXC_l02_n01_A_QG3217.fastq.gz,H2L2LDSXC_l02_n02_A_QG3217.fastq.gz,ContinuousSibmating
QG3219,alpha,H2L2LDSXC,H2L2LDSXC_l02_n01_A_QG3219.fastq.gz,H2L2LDSXC_l02_n02_A_QG3219.fastq.gz,ContinuousSibmating
QG3220,alpha,H2L2LDSXC,H2L2LDSXC_l02_n01_A_QG3220.fastq.gz,H2L2LDSXC_l02_n02_A_QG3220.fastq.gz,ContinuousSibmating
QG3221,alpha,HF753DRX7,HF753DRX7_n01_QG3221_TP25.fastq.gz,HF753DRX7_n02_QG3221_TP25.fastq.gz,ContinuousSibmating
QG3222,alpha,H2L2LDSXC,H2L2LDSXC_l02_n01_A_QG3222.fastq.gz,H2L2LDSXC_l02_n02_A_QG3222.fastq.gz,RestoredFromBackup
QG3223,alpha,H2L2LDSXC,H2L2LDSXC_l02_n01_A_QG3223.fastq.gz,H2L2LDSXC_l02_n02_A_QG3223.fastq.gz,ContinuousSibmating
QG3224,alpha,HF753DRX7,HF753DRX7_n01_QG3224_TP25.fastq.gz,HF753DRX7_n02_QG3224_TP25.fastq.gz,ContinuousSibmating
QG3225,alpha,H2L2LDSXC,H2L2LDSXC_l02_n01_A_QG3225.fastq.gz,H2L2LDSXC_l02_n02_A_QG3225.fastq.gz,ContinuousSibmating
QG3226,alpha,H2L2LDSXC,H2L2LDSXC_l02_n01_A_QG3226.fastq.gz,H2L2LDSXC_l02_n02_A_QG3226.fastq.gz,RestoredFromBackup
QG3227,alpha,H2L2LDSXC,H2L2LDSXC_l02_n01_A_QG3227.fastq.gz,H2L2LDSXC_l02_n02_A_QG3227.fastq.gz,ContinuousSibmating
QG3230,alpha,H2L2LDSXC,H2L2LDSXC_l02_n01_A_QG3230.fastq.gz,H2L2LDSXC_l02_n02_A_QG3230.fastq.gz,ContinuousSibmating
QG3231,alpha,HF753DRX7,HF753DRX7_n01_QG3231_TP25.fastq.gz,HF753DRX7_n02_QG3231_TP25.fastq.gz,ContinuousSibmating
QG3232,alpha,H2L2LDSXC,H2L2LDSXC_l02_n01_A_QG3232.fastq.gz,H2L2LDSXC_l02_n02_A_QG3232.fastq.gz,ContinuousSibmating
QG3233,alpha,H2L2LDSXC,H2L2LDSXC_l02_n01_A_QG3233.fastq.gz,H2L2LDSXC_l02_n02_A_QG3233.fastq.gz,RestoredFromBackup
QG3234,alpha,H2L2LDSXC,H2L2LDSXC_l02_n01_A_QG3234.fastq.gz,H2L2LDSXC_l02_n02_A_QG3234.fastq.gz,ContinuousSibmating
QG3235,alpha,HF753DRX7,HF753DRX7_n01_QG3235_TP25.fastq.gz,HF753DRX7_n02_QG3235_TP25.fastq.gz,ContinuousSibmating
QG3236,alpha,H2L2LDSXC,H2L2LDSXC_l02_n01_A_QG3236.fastq.gz,H2L2LDSXC_l02_n02_A_QG3236.fastq.gz,RestoredFromBackup
QG3237,alpha,H2L2LDSXC,H2L2LDSXC_l02_n01_A_QG3237.fastq.gz,H2L2LDSXC_l02_n02_A_QG3237.fastq.gz,ContinuousSibmating
QG3238,alpha,H2L2LDSXC,H2L2LDSXC_l02_n01_A_QG3238.fastq.gz,H2L2LDSXC_l02_n02_A_QG3238.fastq.gz,ContinuousSibmating
QG3239,alpha,H2L2LDSXC,H2L2LDSXC_l02_n01_A_QG3239.fastq.gz,H2L2LDSXC_l02_n02_A_QG3239.fastq.gz,ContinuousSibmating
QG3240,alpha,H2L2LDSXC,H2L2LDSXC_l02_n01_A_QG3240.fastq.gz,H2L2LDSXC_l02_n02_A_QG3240.fastq.gz,ContinuousSibmating
QG3241,alpha,H2L2LDSXC,H2L2LDSXC_l02_n01_A_QG3241.fastq.gz,H2L2LDSXC_l02_n02_A_QG3241.fastq.gz,ContinuousSibmating
QG3242,alpha,H2L2LDSXC,H2L2LDSXC_l02_n01_A_QG3242.fastq.gz,H2L2LDSXC_l02_n02_A_QG3242.fastq.gz,RestoredFromBackup
QG3243,alpha,H2L2LDSXC,H2L2LDSXC_l02_n01_A_QG3243.fastq.gz,H2L2LDSXC_l02_n02_A_QG3243.fastq.gz,ContinuousSibmating
QG3244,alpha,HF753DRX7,HF753DRX7_n01_QG3244_TP25.fastq.gz,HF753DRX7_n02_QG3244_TP25.fastq.gz,RestoredFromBackup
QG3245,alpha,H2L2LDSXC,H2L2LDSXC_l02_n01_A_QG3245.fastq.gz,H2L2LDSXC_l02_n02_A_QG3245.fastq.gz,ContinuousSibmating
QG3246,alpha,HF753DRX7,HF753DRX7_n01_QG3246_TP25.fastq.gz,HF753DRX7_n02_QG3246_TP25.fastq.gz,ContinuousSibmating
QG3248,alpha,H2L2LDSXC,H2L2LDSXC_l02_n01_A_QG3248.fastq.gz,H2L2LDSXC_l02_n02_A_QG3248.fastq.gz,ContinuousSibmating
QG3249,alpha,H2L2LDSXC,H2L2LDSXC_l02_n01_A_QG3249.fastq.gz,H2L2LDSXC_l02_n02_A_QG3249.fastq.gz,ContinuousSibmating
QG3250,alpha,H2L2LDSXC,H2L2LDSXC_l02_n01_A_QG3250.fastq.gz,H2L2LDSXC_l02_n02_A_QG3250.fastq.gz,ContinuousSibmating
QG3251,alpha,H2L2LDSXC,H2L2LDSXC_l02_n01_A_QG3251.fastq.gz,H2L2LDSXC_l02_n02_A_QG3251.fastq.gz,ContinuousSibmating
QG3252,alpha,H2L2LDSXC,H2L2LDSXC_l02_n01_A_QG3252.fastq.gz,H2L2LDSXC_l02_n02_A_QG3252.fastq.gz,ContinuousSibmating
QG3254,alpha,H2L2LDSXC,H2L2LDSXC_l02_n01_A_QG3254.fastq.gz,H2L2LDSXC_l02_n02_A_QG3254.fastq.gz,ContinuousSibmating
QG3255,alpha,H2L2LDSXC,H2L2LDSXC_l02_n01_A_QG3255.fastq.gz,H2L2LDSXC_l02_n02_A_QG3255.fastq.gz,ContinuousSibmating
QG3256,alpha,H2L2LDSXC,H2L2LDSXC_l02_n01_A_QG3256.fastq.gz,H2L2LDSXC_l02_n02_A_QG3256.fastq.gz,RestoredFromBackup
QG3257,alpha,H2L2LDSXC,H2L2LDSXC_l02_n01_A_QG3257.fastq.gz,H2L2LDSXC_l02_n02_A_QG3257.fastq.gz,ContinuousSibmating
QG3258,alpha,H2L2LDSXC,H2L2LDSXC_l02_n01_A_QG3258.fastq.gz,H2L2LDSXC_l02_n02_A_QG3258.fastq.gz,ContinuousSibmating
QG3261,alpha,HF753DRX7,HF753DRX7_n01_QG3261_TP25.fastq.gz,HF753DRX7_n02_QG3261_TP25.fastq.gz,RestoredFromBackup
QG3262,alpha,H2L2LDSXC,H2L2LDSXC_l02_n01_A_QG3262.fastq.gz,H2L2LDSXC_l02_n02_A_QG3262.fastq.gz,RestoredFromBackup
QG3263,alpha,H2L2LDSXC,H2L2LDSXC_l02_n01_A_QG3263.fastq.gz,H2L2LDSXC_l02_n02_A_QG3263.fastq.gz,RestoredFromBackup
QG3264,alpha,H2L2LDSXC,H2L2LDSXC_l02_n01_A_QG3264.fastq.gz,H2L2LDSXC_l02_n02_A_QG3264.fastq.gz,ContinuousSibmating
QG3265,alpha,H2L2LDSXC,H2L2LDSXC_l02_n01_A_QG3265.fastq.gz,H2L2LDSXC_l02_n02_A_QG3265.fastq.gz,RestoredFromBackup
QG3266,alpha,H2L2LDSXC,H2L2LDSXC_l02_n01_A_QG3266.fastq.gz,H2L2LDSXC_l02_n02_A_QG3266.fastq.gz,ContinuousSibmating
QG3267,alpha,H2L2LDSXC,H2L2LDSXC_l02_n01_A_QG3267.fastq.gz,H2L2LDSXC_l02_n02_A_QG3267.fastq.gz,ContinuousSibmating
QG3268,beta,H2L2LDSXC,H2L2LDSXC_l02_n01_B_QG3268.fastq.gz,H2L2LDSXC_l02_n02_B_QG3268.fastq.gz,ContinuousSibmating
QG3269,beta,H2L2LDSXC,H2L2LDSXC_l02_n01_B_QG3269.fastq.gz,H2L2LDSXC_l02_n02_B_QG3269.fastq.gz,ContinuousSibmating
QG3270,beta,H2L2LDSXC,H2L2LDSXC_l02_n01_B_QG3270.fastq.gz,H2L2LDSXC_l02_n02_B_QG3270.fastq.gz,ContinuousSibmating
QG3271,beta,H2L2LDSXC,H2L2LDSXC_l02_n01_B_QG3271.fastq.gz,H2L2LDSXC_l02_n02_B_QG3271.fastq.gz,ContinuousSibmating
QG3272,beta,H2L2LDSXC,H2L2LDSXC_l02_n01_B_QG3272.fastq.gz,H2L2LDSXC_l02_n02_B_QG3272.fastq.gz,ContinuousSibmating
QG3273,beta,H2L2LDSXC,H2L2LDSXC_l02_n01_B_QG3273.fastq.gz,H2L2LDSXC_l02_n02_B_QG3273.fastq.gz,RestoredFromBackup
QG3274,beta,H2L2LDSXC,H2L2LDSXC_l02_n01_B_QG3274.fastq.gz,H2L2LDSXC_l02_n02_B_QG3274.fastq.gz,ContinuousSibmating
QG3275,beta,H2L2LDSXC,H2L2LDSXC_l02_n01_B_QG3275.fastq.gz,H2L2LDSXC_l02_n02_B_QG3275.fastq.gz,ContinuousSibmating
QG3276,beta,H2L2LDSXC,H2L2LDSXC_l02_n01_B_QG3276.fastq.gz,H2L2LDSXC_l02_n02_B_QG3276.fastq.gz,RestoredFromBackup
QG3277,beta,H2L2LDSXC,H2L2LDSXC_l02_n01_B_QG3277.fastq.gz,H2L2LDSXC_l02_n02_B_QG3277.fastq.gz,ContinuousSibmating
QG3278,beta,H2L2LDSXC,H2L2LDSXC_l02_n01_B_QG3278.fastq.gz,H2L2LDSXC_l02_n02_B_QG3278.fastq.gz,RestoredFromBackup
QG3280,beta,H2L2LDSXC,H2L2LDSXC_l02_n01_B_QG3280.fastq.gz,H2L2LDSXC_l02_n02_B_QG3280.fastq.gz,RestoredFromBackup
QG3281,beta,H2L2LDSXC,H2L2LDSXC_l02_n01_B_QG3281.fastq.gz,H2L2LDSXC_l02_n02_B_QG3281.fastq.gz,RestoredFromBackup
QG3282,beta,H2L2LDSXC,H2L2LDSXC_l02_n01_B_QG3282.fastq.gz,H2L2LDSXC_l02_n02_B_QG3282.fastq.gz,ContinuousSibmating
QG3283,beta,H2L2LDSXC,H2L2LDSXC_l02_n01_B_QG3283.fastq.gz,H2L2LDSXC_l02_n02_B_QG3283.fastq.gz,ContinuousSibmating
QG3284,beta,H53C5BGXJ,H53C5BGXJ_n01_3QG3284.fastq.gz,H53C5BGXJ_n02_3QG3284.fastq.gz,RestoredFromBackup
QG3285,beta,HMT3KBGX7,HMT3KBGX7_n01_QG3285.fastq.gz,HMT3KBGX7_n02_QG3285.fastq.gz,RestoredFromBackup
QG3288,beta,H2L2LDSXC,H2L2LDSXC_l03_n01_B_QG3288.fastq.gz,H2L2LDSXC_l03_n02_B_QG3288.fastq.gz,ContinuousSibmating
QG3289,beta,H2L2LDSXC,H2L2LDSXC_l03_n01_B_QG3289.fastq.gz,H2L2LDSXC_l03_n02_B_QG3289.fastq.gz,RestoredFromBackup
QG3290,beta,H2L2LDSXC,H2L2LDSXC_l03_n01_B_QG3290.fastq.gz,H2L2LDSXC_l03_n02_B_QG3290.fastq.gz,ContinuousSibmating
QG3292,beta,HFTY3DMXY,HFTY3DMXY_n01_BCi.QG3292.fastq.gz,HFTY3DMXY_n02_BCi.QG3292.fastq.gz,RestoredFromBackup
QG3294,beta,HFTY3DMXY,HFTY3DMXY_n01_BCi.QG3294.fastq.gz,HFTY3DMXY_n02_BCi.QG3294.fastq.gz,RestoredFromBackup
QG3295,beta,HFTY3DMXY,HFTY3DMXY_n01_BCi.QG3295.fastq.gz,HFTY3DMXY_n02_BCi.QG3295.fastq.gz,ContinuousSibmating
QG3296,beta,HFTY3DMXY,HFTY3DMXY_n01_BCi.QG3296.fastq.gz,HFTY3DMXY_n02_BCi.QG3296.fastq.gz,ContinuousSibmating
QG3297,beta,H2L2LDSXC,H2L2LDSXC_l03_n01_B_QG3297.fastq.gz,H2L2LDSXC_l03_n02_B_QG3297.fastq.gz,ContinuousSibmating
QG3298,beta,H2L2LDSXC,H2L2LDSXC_l03_n01_B_QG3298.fastq.gz,H2L2LDSXC_l03_n02_B_QG3298.fastq.gz,ContinuousSibmating
QG3300,beta,H2L2LDSXC,H2L2LDSXC_l03_n01_B_QG3300.fastq.gz,H2L2LDSXC_l03_n02_B_QG3300.fastq.gz,RestoredFromBackup
QG3301,beta,H2L2LDSXC,H2L2LDSXC_l03_n01_B_QG3301.fastq.gz,H2L2LDSXC_l03_n02_B_QG3301.fastq.gz,ContinuousSibmating
QG3302,beta,H2L2LDSXC,H2L2LDSXC_l03_n01_B_QG3302.fastq.gz,H2L2LDSXC_l03_n02_B_QG3302.fastq.gz,ContinuousSibmating
QG3304,beta,H2L2LDSXC,H2L2LDSXC_l03_n01_B_QG3304.fastq.gz,H2L2LDSXC_l03_n02_B_QG3304.fastq.gz,ContinuousSibmating
QG3305,beta,H2L2LDSXC,H2L2LDSXC_l03_n01_B_QG3305.fastq.gz,H2L2LDSXC_l03_n02_B_QG3305.fastq.gz,RestoredFromBackup
QG3306,beta,H2L2LDSXC,H2L2LDSXC_l03_n01_B_QG3306.fastq.gz,H2L2LDSXC_l03_n02_B_QG3306.fastq.gz,RestoredFromBackup
QG3307,beta,H2L2LDSXC,H2L2LDSXC_l03_n01_B_QG3307.fastq.gz,H2L2LDSXC_l03_n02_B_QG3307.fastq.gz,ContinuousSibmating
QG3308,beta,H2L2LDSXC,H2L2LDSXC_l03_n01_B_QG3308.fastq.gz,H2L2LDSXC_l03_n02_B_QG3308.fastq.gz,ContinuousSibmating
QG3309,beta,H2L2LDSXC,H2L2LDSXC_l03_n01_B_QG3309.fastq.gz,H2L2LDSXC_l03_n02_B_QG3309.fastq.gz,ContinuousSibmating
QG3310,beta,H2L2LDSXC,H2L2LDSXC_l03_n01_B_QG3310.fastq.gz,H2L2LDSXC_l03_n02_B_QG3310.fastq.gz,RestoredFromBackup
QG3312,beta,H2L2LDSXC,H2L2LDSXC_l03_n01_B_QG3312.fastq.gz,H2L2LDSXC_l03_n02_B_QG3312.fastq.gz,ContinuousSibmating
QG3314,beta,H2L2LDSXC,H2L2LDSXC_l03_n01_B_QG3314.fastq.gz,H2L2LDSXC_l03_n02_B_QG3314.fastq.gz,RestoredFromBackup
QG3316,beta,H2L2LDSXC,H2L2LDSXC_l03_n01_B_QG3316.fastq.gz,H2L2LDSXC_l03_n02_B_QG3316.fastq.gz,RestoredFromBackup
QG3317,beta,H2L2LDSXC,H2L2LDSXC_l03_n01_B_QG3317.fastq.gz,H2L2LDSXC_l03_n02_B_QG3317.fastq.gz,ContinuousSibmating
QG3319,beta,H2L2LDSXC,H2L2LDSXC_l03_n01_B_QG3319.fastq.gz,H2L2LDSXC_l03_n02_B_QG3319.fastq.gz,RestoredFromBackup
QG3320,beta,H2L2LDSXC,H2L2LDSXC_l03_n01_B_QG3320.fastq.gz,H2L2LDSXC_l03_n02_B_QG3320.fastq.gz,ContinuousSibmating
QG3321,alpha,H2L2LDSXC,H2L2LDSXC_l03_n01_A_QG3321.fastq.gz,H2L2LDSXC_l03_n02_A_QG3321.fastq.gz,ContinuousSibmating
QG3322,alpha,HMT3KBGX7,HMT3KBGX7_n01_QG3322.fastq.gz,HMT3KBGX7_n02_QG3322.fastq.gz,ContinuousSibmating
QG3324,alpha,H2L2LDSXC,H2L2LDSXC_l03_n01_A_QG3324.fastq.gz,H2L2LDSXC_l03_n02_A_QG3324.fastq.gz,ContinuousSibmating
QG3327,alpha,H2L2LDSXC,H2L2LDSXC_l03_n01_A_QG3327.fastq.gz,H2L2LDSXC_l03_n02_A_QG3327.fastq.gz,ContinuousSibmating
QG3331,alpha,H2L2LDSXC,H2L2LDSXC_l03_n01_A_QG3331.fastq.gz,H2L2LDSXC_l03_n02_A_QG3331.fastq.gz,ContinuousSibmating
QG3333,alpha,H2L2LDSXC,H2L2LDSXC_l03_n01_A_QG3333.fastq.gz,H2L2LDSXC_l03_n02_A_QG3333.fastq.gz,ContinuousSibmating
QG3334,alpha,H2L2LDSXC,H2L2LDSXC_l03_n01_A_QG3334.fastq.gz,H2L2LDSXC_l03_n02_A_QG3334.fastq.gz,ContinuousSibmating
QG3335,alpha,H2L2LDSXC,H2L2LDSXC_l03_n01_A_QG3335.fastq.gz,H2L2LDSXC_l03_n02_A_QG3335.fastq.gz,ContinuousSibmating
QG3336,alpha,H2L2LDSXC,H2L2LDSXC_l03_n01_A_QG3336.fastq.gz,H2L2LDSXC_l03_n02_A_QG3336.fastq.gz,RestoredFromBackup
QG3337,alpha,H2L2LDSXC,H2L2LDSXC_l03_n01_A_QG3337.fastq.gz,H2L2LDSXC_l03_n02_A_QG3337.fastq.gz,ContinuousSibmating
QG3342,alpha,H2L2LDSXC,H2L2LDSXC_l03_n01_A_QG3342.fastq.gz,H2L2LDSXC_l03_n02_A_QG3342.fastq.gz,ContinuousSibmating
QG3344,alpha,H2L2LDSXC,H2L2LDSXC_l03_n01_A_QG3344.fastq.gz,H2L2LDSXC_l03_n02_A_QG3344.fastq.gz,RestoredFromBackup
QG3346,alpha,H2L2LDSXC,H2L2LDSXC_l03_n01_A_QG3346.fastq.gz,H2L2LDSXC_l03_n02_A_QG3346.fastq.gz,RestoredFromBackup
QG3347,alpha,H53C5BGXJ,H53C5BGXJ_n01_3QG3347.fastq.gz,H53C5BGXJ_n02_3QG3347.fastq.gz,ContinuousSibmating
QG3349,beta,H2L2LDSXC,H2L2LDSXC_l03_n01_B_QG3349.fastq.gz,H2L2LDSXC_l03_n02_B_QG3349.fastq.gz,ContinuousSibmating
QG3351,beta,H2L2LDSXC,H2L2LDSXC_l03_n01_B_QG3351.fastq.gz,H2L2LDSXC_l03_n02_B_QG3351.fastq.gz,ContinuousSibmating
QG3352,beta,HF753DRX7,HF753DRX7_n01_QG3352_TP25.fastq.gz,HF753DRX7_n02_QG3352_TP25.fastq.gz,ContinuousSibmating
QG3354,beta,H2L2LDSXC,H2L2LDSXC_l03_n01_B_QG3354.fastq.gz,H2L2LDSXC_l03_n02_B_QG3354.fastq.gz,ContinuousSibmating
QG3355,beta,H2L2LDSXC,H2L2LDSXC_l03_n01_B_QG3355.fastq.gz,H2L2LDSXC_l03_n02_B_QG3355.fastq.gz,ContinuousSibmating
QG3357,beta,H2L2LDSXC,H2L2LDSXC_l03_n01_B_QG3357.fastq.gz,H2L2LDSXC_l03_n02_B_QG3357.fastq.gz,ContinuousSibmating
QG3358,beta,H2L2LDSXC,H2L2LDSXC_l03_n01_B_QG3358.fastq.gz,H2L2LDSXC_l03_n02_B_QG3358.fastq.gz,RestoredFromBackup
QG3362,beta,H2L2LDSXC,H2L2LDSXC_l03_n01_B_QG3362.fastq.gz,H2L2LDSXC_l03_n02_B_QG3362.fastq.gz,ContinuousSibmating
QG3363,beta,H2L2LDSXC,H2L2LDSXC_l03_n01_B_QG3363.fastq.gz,H2L2LDSXC_l03_n02_B_QG3363.fastq.gz,ContinuousSibmating
QG3364,beta,H2L2LDSXC,H2L2LDSXC_l03_n01_B_QG3364.fastq.gz,H2L2LDSXC_l03_n02_B_QG3364.fastq.gz,ContinuousSibmating
QG3366,beta,H2L2LDSXC,H2L2LDSXC_l03_n01_B_QG3366.fastq.gz,H2L2LDSXC_l03_n02_B_QG3366.fastq.gz,ContinuousSibmating
QG3367,beta,H2L2LDSXC,H2L2LDSXC_l03_n01_B_QG3367.fastq.gz,H2L2LDSXC_l03_n02_B_QG3367.fastq.gz,ContinuousSibmating
QG3370,beta,H2L2LDSXC,H2L2LDSXC_l03_n01_B_QG3370.fastq.gz,H2L2LDSXC_l03_n02_B_QG3370.fastq.gz,RestoredFromBackup
QG3371,beta,H2L2LDSXC,H2L2LDSXC_l03_n01_B_QG3371.fastq.gz,H2L2LDSXC_l03_n02_B_QG3371.fastq.gz,RestoredFromBackup
QG3372,beta,H2L2LDSXC,H2L2LDSXC_l03_n01_B_QG3372.fastq.gz,H2L2LDSXC_l03_n02_B_QG3372.fastq.gz,RestoredFromBackup
QG3373,beta,H2L2LDSXC,H2L2LDSXC_l03_n01_B_QG3373.fastq.gz,H2L2LDSXC_l03_n02_B_QG3373.fastq.gz,ContinuousSibmating
QG3374,beta,H2L2LDSXC,H2L2LDSXC_l03_n01_B_QG3374.fastq.gz,H2L2LDSXC_l03_n02_B_QG3374.fastq.gz,ContinuousSibmating
QG3377,beta,H2L2LDSXC,H2L2LDSXC_l03_n01_B_QG3377.fastq.gz,H2L2LDSXC_l03_n02_B_QG3377.fastq.gz,ContinuousSibmating
QG3380,alpha,H2L2LDSXC,H2L2LDSXC_l03_n01_A_QG3380.fastq.gz,H2L2LDSXC_l03_n02_A_QG3380.fastq.gz,ContinuousSibmating
QG3381,alpha,H2L2LDSXC,H2L2LDSXC_l03_n01_A_QG3381.fastq.gz,H2L2LDSXC_l03_n02_A_QG3381.fastq.gz,ContinuousSibmating
QG3383,alpha,H2L2LDSXC,H2L2LDSXC_l03_n01_A_QG3383.fastq.gz,H2L2LDSXC_l03_n02_A_QG3383.fastq.gz,ContinuousSibmating
QG3385,alpha,H2L2LDSXC,H2L2LDSXC_l03_n01_A_QG3385.fastq.gz,H2L2LDSXC_l03_n02_A_QG3385.fastq.gz,ContinuousSibmating
QG3387,alpha,H2L2LDSXC,H2L2LDSXC_l03_n01_A_QG3387.fastq.gz,H2L2LDSXC_l03_n02_A_QG3387.fastq.gz,ContinuousSibmating
QG3391,alpha,H2L2LDSXC,H2L2LDSXC_l04_n01_A_QG3391.fastq.gz,H2L2LDSXC_l04_n02_A_QG3391.fastq.gz,ContinuousSibmating
QG3392,alpha,H2L2LDSXC,H2L2LDSXC_l04_n01_A_QG3392.fastq.gz,H2L2LDSXC_l04_n02_A_QG3392.fastq.gz,ContinuousSibmating
QG3394,alpha,H2L2LDSXC,H2L2LDSXC_l04_n01_A_QG3394.fastq.gz,H2L2LDSXC_l04_n02_A_QG3394.fastq.gz,ContinuousSibmating
QG3395,alpha,H2L2LDSXC,H2L2LDSXC_l04_n01_A_QG3395.fastq.gz,H2L2LDSXC_l04_n02_A_QG3395.fastq.gz,ContinuousSibmating
QG3396,alpha,H2L2LDSXC,H2L2LDSXC_l04_n01_A_QG3396.fastq.gz,H2L2LDSXC_l04_n02_A_QG3396.fastq.gz,ContinuousSibmating
QG3397,alpha,H2L2LDSXC,H2L2LDSXC_l04_n01_A_QG3397.fastq.gz,H2L2LDSXC_l04_n02_A_QG3397.fastq.gz,ContinuousSibmating
QG3400,alpha,H2L2LDSXC,H2L2LDSXC_l04_n01_A_QG3400.fastq.gz,H2L2LDSXC_l04_n02_A_QG3400.fastq.gz,ContinuousSibmating
QG3403,alpha,H2L2LDSXC,H2L2LDSXC_l04_n01_A_QG3403.fastq.gz,H2L2LDSXC_l04_n02_A_QG3403.fastq.gz,RestoredFromBackup
QG3404,alpha,H2L2LDSXC,H2L2LDSXC_l04_n01_A_QG3404.fastq.gz,H2L2LDSXC_l04_n02_A_QG3404.fastq.gz,RestoredFromBackup
QG3408,alpha,H2L2LDSXC,H2L2LDSXC_l04_n01_A_QG3408.fastq.gz,H2L2LDSXC_l04_n02_A_QG3408.fastq.gz,ContinuousSibmating
QG3409,alpha,H2L2LDSXC,H2L2LDSXC_l04_n01_A_QG3409.fastq.gz,H2L2LDSXC_l04_n02_A_QG3409.fastq.gz,RestoredFromBackup
QG3410,alpha,H2L2LDSXC,H2L2LDSXC_l04_n01_A_QG3410.fastq.gz,H2L2LDSXC_l04_n02_A_QG3410.fastq.gz,RestoredFromBackup
QG3412,beta,H2L2LDSXC,H2L2LDSXC_l04_n01_B_QG3412.fastq.gz,H2L2LDSXC_l04_n02_B_QG3412.fastq.gz,ContinuousSibmating
QG3414,beta,H2L2LDSXC,H2L2LDSXC_l04_n01_B_QG3414.fastq.gz,H2L2LDSXC_l04_n02_B_QG3414.fastq.gz,RestoredFromBackup
QG3418,beta,H2L2LDSXC,H2L2LDSXC_l04_n01_B_QG3418.fastq.gz,H2L2LDSXC_l04_n02_B_QG3418.fastq.gz,ContinuousSibmating
QG3421,beta,H2L2LDSXC,H2L2LDSXC_l04_n01_B_QG3421.fastq.gz,H2L2LDSXC_l04_n02_B_QG3421.fastq.gz,ContinuousSibmating
QG3427,beta,H2L2LDSXC,H2L2LDSXC_l04_n01_B_QG3427.fastq.gz,H2L2LDSXC_l04_n02_B_QG3427.fastq.gz,RestoredFromBackup
QG3432,beta,H2L2LDSXC,H2L2LDSXC_l04_n01_B_QG3432.fastq.gz,H2L2LDSXC_l04_n02_B_QG3432.fastq.gz,ContinuousSibmating
QG3434,beta,H2L2LDSXC,H2L2LDSXC_l04_n01_B_QG3434.fastq.gz,H2L2LDSXC_l04_n02_B_QG3434.fastq.gz,ContinuousSibmating
QG3437,beta,H2L2LDSXC,H2L2LDSXC_l04_n01_B_QG3437.fastq.gz,H2L2LDSXC_l04_n02_B_QG3437.fastq.gz,RestoredFromBackup
QG3440,beta,H2L2LDSXC,H2L2LDSXC_l04_n01_B_QG3440.fastq.gz,H2L2LDSXC_l04_n02_B_QG3440.fastq.gz,RestoredFromBackup
QG3456,alpha,H2L2LDSXC,H2L2LDSXC_l04_n01_A_QG3456.fastq.gz,H2L2LDSXC_l04_n02_A_QG3456.fastq.gz,RestoredFromBackup
QG3457,alpha,H2L2LDSXC,H2L2LDSXC_l04_n01_A_QG3457.fastq.gz,H2L2LDSXC_l04_n02_A_QG3457.fastq.gz,RestoredFromBackup
QG3458,alpha,H2L2LDSXC,H2L2LDSXC_l04_n01_A_QG3458.fastq.gz,H2L2LDSXC_l04_n02_A_QG3458.fastq.gz,ContinuousSibmating
QG3459,beta,H2L2LDSXC,H2L2LDSXC_l04_n01_B_QG3459.fastq.gz,H2L2LDSXC_l04_n02_B_QG3459.fastq.gz,ContinuousSibmating
QG3460,beta,H2L2LDSXC,H2L2LDSXC_l04_n01_B_QG3460.fastq.gz,H2L2LDSXC_l04_n02_B_QG3460.fastq.gz,ContinuousSibmating
QG3463,alpha,H2L2LDSXC,H2L2LDSXC_l04_n01_A_QG3463.fastq.gz,H2L2LDSXC_l04_n02_A_QG3463.fastq.gz,RestoredFromBackup
QG3464,alpha,H2L2LDSXC,H2L2LDSXC_l04_n01_A_QG3464.fastq.gz,H2L2LDSXC_l04_n02_A_QG3464.fastq.gz,RestoredFromBackup
QG3465,alpha,H2L2LDSXC,H2L2LDSXC_l04_n01_A_QG3465.fastq.gz,H2L2LDSXC_l04_n02_A_QG3465.fastq.gz,RestoredFromBackup
QG3467,beta,H2L2LDSXC,H2L2LDSXC_l04_n01_B_QG3467.fastq.gz,H2L2LDSXC_l04_n02_B_QG3467.fastq.gz,ContinuousSibmating
QG3468,beta,H53C5BGXJ,H53C5BGXJ_n01_3QG3468.fastq.gz,H53C5BGXJ_n02_3QG3468.fastq.gz,RestoredFromBackup
QG3469,beta,H2L2LDSXC,H2L2LDSXC_l04_n01_B_QG3469.fastq.gz,H2L2LDSXC_l04_n02_B_QG3469.fastq.gz,RestoredFromBackup
QG3470,alpha,H2L2LDSXC,H2L2LDSXC_l04_n01_A_QG3470.fastq.gz,H2L2LDSXC_l04_n02_A_QG3470.fastq.gz,RestoredFromBackup
QG3472,alpha,H2L2LDSXC,H2L2LDSXC_l04_n01_A_QG3472.fastq.gz,H2L2LDSXC_l04_n02_A_QG3472.fastq.gz,RestoredFromBackup
QG3473,alpha,H2L2LDSXC,H2L2LDSXC_l04_n01_A_QG3473.fastq.gz,H2L2LDSXC_l04_n02_A_QG3473.fastq.gz,RestoredFromBackup
QG3474,alpha,H2L2LDSXC,H2L2LDSXC_l04_n01_A_QG3474.fastq.gz,H2L2LDSXC_l04_n02_A_QG3474.fastq.gz,ContinuousSibmating
QG3477,beta,H2L2LDSXC,H2L2LDSXC_l04_n01_B_QG3477.fastq.gz,H2L2LDSXC_l04_n02_B_QG3477.fastq.gz,ContinuousSibmating
QG3479,alpha,H2L2LDSXC,H2L2LDSXC_l04_n01_A_QG3479.fastq.gz,H2L2LDSXC_l04_n02_A_QG3479.fastq.gz,RestoredFromBackup
QG3480,alpha,H2L2LDSXC,H2L2LDSXC_l04_n01_A_QG3480.fastq.gz,H2L2LDSXC_l04_n02_A_QG3480.fastq.gz,RestoredFromBackup
QG3481,alpha,H2L2LDSXC,H2L2LDSXC_l04_n01_A_QG3481.fastq.gz,H2L2LDSXC_l04_n02_A_QG3481.fastq.gz,ContinuousSibmating
QG3483,alpha,H2L2LDSXC,H2L2LDSXC_l04_n01_A_QG3483.fastq.gz,H2L2LDSXC_l04_n02_A_QG3483.fastq.gz,RestoredFromBackup
QG3485,alpha,H2L2LDSXC,H2L2LDSXC_l04_n01_A_QG3485.fastq.gz,H2L2LDSXC_l04_n02_A_QG3485.fastq.gz,RestoredFromBackup
QG3488,alpha,HFTY3DMXY,HFTY3DMXY_n01_BCi.QG3488.fastq.gz,HFTY3DMXY_n02_BCi.QG3488.fastq.gz,RestoredFromBackup
QG3489,alpha,H2L2LDSXC,H2L2LDSXC_l04_n01_A_QG3489.fastq.gz,H2L2LDSXC_l04_n02_A_QG3489.fastq.gz,RestoredFromBackup
QG3491,beta,H2L2LDSXC,H2L2LDSXC_l04_n01_B_QG3491.fastq.gz,H2L2LDSXC_l04_n02_B_QG3491.fastq.gz,RestoredFromBackup
QG3492,beta,HFTY3DMXY,HFTY3DMXY_n01_BCi.QG3492.fastq.gz,HFTY3DMXY_n02_BCi.QG3492.fastq.gz,RestoredFromBackup
QG3493,beta,H2L2LDSXC,H2L2LDSXC_l04_n01_B_QG3493.fastq.gz,H2L2LDSXC_l04_n02_B_QG3493.fastq.gz,ContinuousSibmating
QG3494,alpha,H2L2LDSXC,H2L2LDSXC_l04_n01_A_QG3494.fastq.gz,H2L2LDSXC_l04_n02_A_QG3494.fastq.gz,ContinuousSibmating
QG3495,beta,HGV55BGXJ,HGV55BGXJ_n01_4QG3495.fastq.gz,HGV55BGXJ_n02_4QG3495.fastq.gz,RestoredFromBackup
QG3499,beta,H2L2LDSXC,H2L2LDSXC_l04_n01_B_QG3499.fastq.gz,H2L2LDSXC_l04_n02_B_QG3499.fastq.gz,ContinuousSibmating
QG3500,beta,HF753DRX7,HF753DRX7_n01_QG3500_TP25.fastq.gz,HF753DRX7_n02_QG3500_TP25.fastq.gz,RestoredFromBackup
QG3502,alpha,H2L2LDSXC,H2L2LDSXC_l04_n01_A_QG3502.fastq.gz,H2L2LDSXC_l04_n02_A_QG3502.fastq.gz,RestoredFromBackup
QG3506,alpha,H2L2LDSXC,H2L2LDSXC_l04_n01_A_QG3506.fastq.gz,H2L2LDSXC_l04_n02_A_QG3506.fastq.gz,RestoredFromBackup
QG3507,beta,H2L2LDSXC,H2L2LDSXC_l04_n01_B_QG3507.fastq.gz,H2L2LDSXC_l04_n02_B_QG3507.fastq.gz,RestoredFromBackup
QG3508,beta,HF32FBGXK,HF32FBGXK_n01_5QG3508.fastq.gz,HF32FBGXK_n02_5QG3508.fastq.gz,ContinuousSibmating
QG3509,alpha,H2L2LDSXC,H2L2LDSXC_l04_n01_A_QG3509.fastq.gz,H2L2LDSXC_l04_n02_A_QG3509.fastq.gz,RestoredFromBackup
QG3510,alpha,H2L2LDSXC,H2L2LDSXC_l04_n01_A_QG3510.fastq.gz,H2L2LDSXC_l04_n02_A_QG3510.fastq.gz,RestoredFromBackup
QG3511,beta,HMT3KBGX7,HMT3KBGX7_n01_QG3511.fastq.gz,HMT3KBGX7_n02_QG3511.fastq.gz,RestoredFromBackup
