pos1,pos2,ishet,founder,rilname,chrom
61171,1571485,FALSE,FA.g2,QG3086,IV
1539459,2306654,FALSE,FA.g1,QG3086,IV
2305188,2854087,FALSE,FM.g2,QG3086,IV
2853591,11363017,FALSE,FM.g1,QG3086,IV
11362781,11483668,FALSE,FA.g2;FM.g2,QG3086,IV
11476642,12310370,FALSE,FA.g1,QG3086,IV
11668480,13684776,FALSE,FA.g2,QG3086,IV
61171,2156678,FALSE,FM.g2,QG3087,IV
2156678,10990693,FALSE,FM.g1,QG3087,IV
10956397,13684776,FALSE,FA.g2,QG3087,IV
61171,478401,FALSE,FA.g1,QG3089,IV
478581,1691028,FALSE,FA.g2,QG3089,IV
1596498,2233825,FALSE,FM.g2,QG3089,IV
2160349,12310370,FALSE,FA.g1,QG3089,IV
11668640,13684776,FALSE,FA.g2,QG3089,IV
61171,1182274,FALSE,FA.g1,QG3090,IV
1163031,1259670,FALSE,FM.g1,QG3090,IV
1203447,12500340,FALSE,FA.g1,QG3090,IV
12485834,12627212,FALSE,FM.g1,QG3090,IV
12616788,13684776,FALSE,FA.g2;FM.g2,QG3090,IV
61171,1393206,FALSE,FA.g2,QG3091,IV
1393202,1571485,FALSE,FA.g1;FM.g2,QG3091,IV
1539459,13684776,FALSE,FA.g2,QG3091,IV
61171,10965002,FALSE,FA.g1,QG3092,IV
10926564,12429908,TRUE,FA.g1&FM.g1,QG3092,IV
12393313,12481434,FALSE,FA.g1;FM.g2,QG3092,IV
12480429,13684776,FALSE,FM.g1,QG3092,IV
61217,1259670,FALSE,FA.g1,QG3093,IV
545962,2299103,FALSE,FA.g2,QG3093,IV
2141684,12328791,FALSE,FM.g1,QG3093,IV
12328791,13684776,FALSE,FA.g1,QG3093,IV
61171,1203985,FALSE,FM.g2,QG3094,IV
551333,12331482,FALSE,FM.g1,QG3094,IV
12322196,13684776,FALSE,FA.g2,QG3094,IV
61171,1522781,FALSE,FA.g2,QG3095,IV
1522781,12274878,FALSE,FA.g1,QG3095,IV
12274879,13684776,FALSE,FM.g1,QG3095,IV
61171,2008169,FALSE,FM.g1,QG3096,IV
1203447,10588175,FALSE,FA.g2,QG3096,IV
10564667,12500340,FALSE,FM.g1,QG3096,IV
12485834,13684776,FALSE,FM.g2,QG3096,IV
61171,2697075,FALSE,FM.g2,QG3097,IV
2696745,13684776,FALSE,FM.g1,QG3097,IV
61171,1203985,FALSE,FM.g1,QG3100,IV
551333,1690447,FALSE,FM.g2,QG3100,IV
1324889,2007759,FALSE,FA.g1,QG3100,IV
1596728,2299103,TRUE,FA.g1;FA.g2&FM.g1,QG3100,IV
2141684,12184621,FALSE,FM.g1,QG3100,IV
11925545,12429908,FALSE,FM.g2,QG3100,IV
12393313,13684776,FALSE,FM.g1,QG3100,IV
61291,1439876,FALSE,FA.g2,QG3101,IV
1439462,10891853,FALSE,FA.g1,QG3101,IV
10787481,13684776,FALSE,FA.g2,QG3101,IV
61171,1690284,FALSE,FM.g2,QG3102,IV
1324889,12280472,FALSE,FA.g1,QG3102,IV
12280472,12500351,FALSE,FM.g1,QG3102,IV
12485834,13684776,FALSE,FM.g2,QG3102,IV
61282,1259670,FALSE,FA.g2,QG3103,IV
545752,1690321,FALSE,FA.g1,QG3103,IV
1324889,12437720,FALSE,FM.g2,QG3103,IV
12393313,13682665,FALSE,FM.g1,QG3103,IV
61171,11628205,FALSE,FA.g2,QG3104,IV
2396910,12578621,FALSE,FM.g2,QG3104,IV
12322196,13684776,FALSE,FA.g1,QG3104,IV
61171,2007759,FALSE,FM.g1,QG3105,IV
1202918,2233786,FALSE,FA.g2,QG3105,IV
2160415,11627896,FALSE,FM.g2,QG3105,IV
2396910,13682665,FALSE,FA.g2,QG3105,IV
61282,2443480,FALSE,FA.g2,QG3106,IV
1596728,2600170,FALSE,FA.g1,QG3106,IV
2596232,11971997,FALSE,FA.g2,QG3106,IV
11971997,13682665,FALSE,FM.g1,QG3106,IV
61171,1259670,FALSE,FA.g2,QG3107,IV
545752,1691594,FALSE,FA.g1,QG3107,IV
1324889,2303215,FALSE,FM.g2,QG3107,IV
2283892,10433688,FALSE,FM.g1,QG3107,IV
10433688,13684776,FALSE,FM.g2,QG3107,IV
61217,1316715,FALSE,FA.g1,QG3109,IV
1316715,11484431,FALSE,FM.g1,QG3109,IV
11484431,12184609,FALSE,FM.g2,QG3109,IV
11926014,13684776,FALSE,FM.g1,QG3109,IV
61179,2007556,FALSE,FM.g1,QG3110,IV
1596728,12310151,FALSE,FA.g1,QG3110,IV
11662110,13684776,FALSE,FA.g2,QG3110,IV
61217,1123140,FALSE,FA.g2,QG3111,IV
1123140,1690487,FALSE,FM.g1,QG3111,IV
1596756,3318506,FALSE,FM.g2,QG3111,IV
3310718,10657715,FALSE,FA.g1,QG3111,IV
10655476,12170904,FALSE,FM.g1,QG3111,IV
12160364,12496624,FALSE,FA.g2,QG3111,IV
12466652,13682665,FALSE,FM.g1,QG3111,IV
61179,2443477,FALSE,FA.g2,QG3112,IV
1596728,12310364,FALSE,FA.g1,QG3112,IV
11662110,13684776,FALSE,FA.g2,QG3112,IV
61171,2443465,FALSE,FA.g2,QG3113,IV
1596558,12578671,FALSE,FA.g1,QG3113,IV
12322196,13684776,FALSE,FM.g2,QG3113,IV
61171,271147,FALSE,FA.g2;FM.g1,QG3114,IV
271147,723875,FALSE,FA.g1,QG3114,IV
717379,2233825,FALSE,FM.g2,QG3114,IV
2160374,10856860,FALSE,FM.g1,QG3114,IV
10832418,12429908,TRUE,FA.g1&FM.g1,QG3114,IV
12393092,13684776,FALSE,FM.g2,QG3114,IV
61449,1203895,FALSE,FM.g2,QG3115,IV
551714,2007556,FALSE,FM.g1,QG3115,IV
1203447,2443384,FALSE,FA.g2,QG3115,IV
1596756,12921111,FALSE,FA.g1,QG3115,IV
12857899,13684776,FALSE,FA.g2;FM.g1;FM.g2,QG3115,IV
61171,340800,FALSE,FM.g2,QG3116,IV
340717,2438944,FALSE,FA.g1,QG3116,IV
1596498,11622307,FALSE,FA.g2,QG3116,IV
11621978,12500340,FALSE,FM.g1,QG3116,IV
12485834,13684776,FALSE,FM.g2,QG3116,IV
61171,13684776,FALSE,FM.g1,QG3117,IV
75266,1203572,FALSE,FM.g1,QG3118,IV
551333,2697638,FALSE,FM.g2,QG3118,IV
2651046,12529978,FALSE,FA.g1,QG3118,IV
12518292,13641705,FALSE,FM.g1,QG3118,IV
61171,2299103,FALSE,FA.g2,QG3119,IV
2141679,13684776,FALSE,FM.g1,QG3119,IV
61171,1421134,FALSE,FA.g1,QG3120,IV
1420358,11545107,FALSE,FM.g1,QG3120,IV
11534378,12437268,FALSE,FA.g1,QG3120,IV
12429929,13684776,FALSE,FM.g1,QG3120,IV
61171,1204668,FALSE,FM.g2,QG3121,IV
551333,2007555,FALSE,FM.g1,QG3121,IV
1203447,2332055,FALSE,FA.g2,QG3121,IV
2331488,9424805,FALSE,FM.g2,QG3121,IV
9416560,12170916,FALSE,FM.g1,QG3121,IV
12160364,12661321,FALSE,FA.g1,QG3121,IV
12661318,13684776,FALSE,FA.g2;FM.g1;FM.g2,QG3121,IV
61171,2008169,FALSE,FA.g1,QG3122,IV
1596728,3152033,FALSE,FM.g1,QG3122,IV
3152016,12429908,FALSE,FA.g1,QG3122,IV
12393313,12496624,FALSE,FM.g1,QG3122,IV
12474430,13684776,FALSE,FA.g2,QG3122,IV
61171,2007759,FALSE,FA.g2,QG3123,IV
1203447,10850784,FALSE,FM.g1,QG3123,IV
10831240,11318269,FALSE,FA.g1,QG3123,IV
11108969,13684776,FALSE,FM.g1,QG3123,IV
61171,716295,FALSE,FA.g1,QG3124,IV
678524,10027819,FALSE,FM.g2,QG3124,IV
5587495,13684776,TRUE,FA.g2&FM.g2,QG3124,IV
61171,1691039,FALSE,FA.g1,QG3125,IV
1324889,11416262,FALSE,FM.g2,QG3125,IV
11400068,12578880,FALSE,FA.g1,QG3125,IV
12322221,13684776,FALSE,FM.g2,QG3125,IV
61282,1410149,FALSE,FM.g1,QG3126,IV
1407382,1992785,FALSE,FM.g2,QG3126,IV
1866115,11737196,TRUE,FA.g2&FM.g2,QG3126,IV
11644646,13684776,FALSE,FM.g2,QG3126,IV
61171,1194068,FALSE,FA.g1,QG3127,IV
1184300,1992847,FALSE,FM.g2,QG3127,IV
1866115,12310370,FALSE,FA.g2,QG3127,IV
11668480,13684776,FALSE,FA.g1,QG3127,IV
61171,11737196,FALSE,FM.g2,QG3128,IV
11662110,13684776,FALSE,FA.g2,QG3128,IV
61171,2008169,FALSE,FM.g1,QG3129,IV
1596498,10522089,FALSE,FA.g1,QG3129,IV
10502818,13684776,FALSE,FM.g2,QG3129,IV
61171,1571485,FALSE,FA.g2,QG3130,IV
1539459,2438944,FALSE,FA.g1,QG3130,IV
1596498,9424805,FALSE,FA.g2,QG3130,IV
9416560,11105169,FALSE,FM.g1,QG3130,IV
11062830,12310370,FALSE,FA.g1,QG3130,IV
11668480,13684776,FALSE,FA.g2,QG3130,IV
61171,13684776,FALSE,FA.g2,QG3132,IV
61171,1591798,FALSE,FM.g1,QG3134,IV
1588466,2233825,FALSE,FM.g2,QG3134,IV
2160349,2399343,FALSE,FA.g1;FA.g2,QG3134,IV
2311989,11318269,FALSE,FM.g1,QG3134,IV
11108969,12578880,FALSE,FA.g1,QG3134,IV
12322196,13684776,FALSE,FM.g2,QG3134,IV
61171,1691594,FALSE,FA.g2,QG3135,IV
1596498,2008169,FALSE,FM.g2,QG3135,IV
1992998,12437720,FALSE,FM.g1,QG3135,IV
12429929,12552807,FALSE,FA.g1;FM.g2,QG3135,IV
12550571,13684776,FALSE,FA.g2,QG3135,IV
61171,1259670,FALSE,FA.g1,QG3136,IV
545752,2008169,FALSE,FA.g2,QG3136,IV
1203447,13684776,FALSE,FM.g1,QG3136,IV
61171,524212,FALSE,FA.g2;FM.g1,QG3137,IV
521084,1691594,FALSE,FM.g2,QG3137,IV
1324889,2008169,FALSE,FA.g1,QG3137,IV
1596498,2341425,FALSE,FM.g1,QG3137,IV
2397139,2421353,FALSE,FA.g1;FA.g2;FM.g2,QG3137,IV
2445982,3780106,FALSE,FA.g2;FM.g2,QG3137,IV
3780106,3781308,TRUE,FA.g2;FM.g2&FM.g1,QG3137,IV
3780773,6248156,FALSE,FA.g2;FM.g2,QG3137,IV
6242862,6264001,TRUE,FA.g1&FA.g2;FM.g2,QG3137,IV
6249189,10787452,FALSE,FA.g2;FM.g2,QG3137,IV
10786317,10807650,TRUE,FA.g1&FA.g2;FM.g2,QG3137,IV
10820925,11866692,FALSE,FM.g2,QG3137,IV
11866681,12496624,FALSE,FM.g1,QG3137,IV
12474430,13684776,FALSE,FA.g2,QG3137,IV
61171,1203985,FALSE,FM.g2,QG3138,IV
551333,2008169,FALSE,FM.g1,QG3138,IV
1203447,2439696,FALSE,FA.g2,QG3138,IV
2439696,13684776,FALSE,FM.g1,QG3138,IV
61171,727621,FALSE,FA.g1,QG3139,IV
725354,2008169,FALSE,FM.g1,QG3139,IV
1203447,12496624,FALSE,FA.g2,QG3139,IV
12485834,13684776,FALSE,FA.g1,QG3139,IV
61171,646973,FALSE,FA.g2,QG3140,IV
646868,1237376,FALSE,FM.g2,QG3140,IV
1237698,2438944,FALSE,FA.g1,QG3140,IV
1596498,9646073,FALSE,FA.g2,QG3140,IV
9646073,12310370,FALSE,FA.g1,QG3140,IV
11668480,13684776,FALSE,FA.g2,QG3140,IV
61171,2240577,FALSE,FM.g2,QG3141,IV
2240577,13684776,FALSE,FM.g1,QG3141,IV
61171,13036828,FALSE,FA.g1,QG3142,IV
13036828,13546569,FALSE,FA.g2;FM.g1;FM.g2,QG3142,IV
61171,1576673,FALSE,FB.g2,QG3143,IV
1576378,1898348,FALSE,FM.g2,QG3143,IV
1898348,2110577,FALSE,FB.g2,QG3143,IV
2091520,12429908,FALSE,FM.g2,QG3143,IV
12393313,13684776,FALSE,FM.g1,QG3143,IV
61171,635160,FALSE,FB.g2,QG3144,IV
630600,1141740,FALSE,FM.g1;FM.g2,QG3144,IV
1054190,1854422,FALSE,FB.g2,QG3144,IV
1854301,11310061,FALSE,FB.g1,QG3144,IV
11310055,11925510,FALSE,FM.g2,QG3144,IV
11881953,13684776,FALSE,FM.g1,QG3144,IV
61171,10594218,FALSE,FB.g1,QG3145,IV
10594218,11866692,FALSE,FB.g2,QG3145,IV
11862339,13684776,FALSE,FB.g1,QG3145,IV
61171,1500518,FALSE,FM.g2,QG3146,IV
1500518,4312724,FALSE,FB.g1,QG3146,IV
4256593,11966448,FALSE,FM.g1,QG3146,IV
11881953,11993742,FALSE,FB.g2,QG3146,IV
11981747,12353576,FALSE,FB.g1,QG3146,IV
12249551,13684776,FALSE,FM.g1,QG3146,IV
61171,1162140,FALSE,FB.g1,QG3147,IV
1054190,9936315,FALSE,FM.g2,QG3147,IV
9936273,11537344,FALSE,FM.g1,QG3147,IV
11537344,12588366,FALSE,FM.g2,QG3147,IV
12579541,13684776,FALSE,FB.g2,QG3147,IV
61171,1203985,FALSE,FM.g1,QG3148,IV
551333,2233825,FALSE,FM.g2,QG3148,IV
2160349,2333212,FALSE,FB.g2;FM.g1,QG3148,IV
2331488,11866692,FALSE,FM.g2,QG3148,IV
11866681,12204022,FALSE,FM.g1,QG3148,IV
12204042,13684776,FALSE,FB.g1,QG3148,IV
61171,2257130,FALSE,FM.g2,QG3149,IV
2257130,2912119,FALSE,FB.g1,QG3149,IV
2870191,12159565,FALSE,FB.g2,QG3149,IV
12132804,12322979,FALSE,FM.g2,QG3149,IV
12322979,13018129,FALSE,FM.g1,QG3149,IV
13018129,13684776,FALSE,FB.g2,QG3149,IV
61171,1203985,FALSE,FM.g2,QG3150,IV
551333,3135878,FALSE,FM.g1,QG3150,IV
3128763,11056441,FALSE,FB.g1,QG3150,IV
11056441,13684776,FALSE,FM.g2,QG3150,IV
61171,1162140,FALSE,FM.g1,QG3151,IV
1054190,2912119,FALSE,FB.g1,QG3151,IV
2870191,10522089,FALSE,FB.g2,QG3151,IV
10499473,13684776,FALSE,FB.g1,QG3151,IV
61171,353001,FALSE,FM.g2,QG3152,IV
299339,1005434,FALSE,FM.g1,QG3152,IV
1005434,12995288,FALSE,FB.g1,QG3152,IV
12984383,13684776,FALSE,FM.g1;FM.g2,QG3152,IV
61171,1203985,FALSE,FM.g1,QG3153,IV
551333,2782378,FALSE,FM.g2,QG3153,IV
2782378,3491809,FALSE,FB.g1,QG3153,IV
3491665,10951263,FALSE,FM.g1,QG3153,IV
10951263,11044925,FALSE,FB.g2,QG3153,IV
11032057,13684776,FALSE,FM.g2,QG3153,IV
61171,1397686,FALSE,FM.g1,QG3154,IV
1395134,1824541,FALSE,FM.g2,QG3154,IV
1808683,3735036,FALSE,FB.g1,QG3154,IV
3667074,4371008,TRUE,FB.g1&FM.g2,QG3154,IV
4371067,13684776,FALSE,FB.g1,QG3154,IV
61171,1680963,FALSE,FB.g1,QG3155,IV
1680963,1695163,FALSE,FM.g1,QG3155,IV
1695163,1824541,FALSE,FM.g2,QG3155,IV
1808683,3021791,FALSE,FB.g1,QG3155,IV
3021791,12427617,FALSE,FM.g1,QG3155,IV
12427337,13684776,FALSE,FB.g1,QG3155,IV
61171,647057,FALSE,FB.g1,QG3156,IV
641864,1585974,FALSE,FM.g1,QG3156,IV
1585974,2110577,FALSE,FM.g2,QG3156,IV
1978786,3130851,FALSE,FB.g1,QG3156,IV
3082454,12140305,FALSE,FB.g2,QG3156,IV
12140305,13684776,FALSE,FB.g1,QG3156,IV
61171,2233825,FALSE,FB.g2,QG3157,IV
2160349,12429908,FALSE,FM.g2,QG3157,IV
12393313,12482906,FALSE,FM.g1,QG3157,IV
12482880,13684776,FALSE,FM.g2,QG3157,IV
61171,522976,FALSE,FM.g1,QG3158,IV
522976,1584147,FALSE,FB.g2,QG3158,IV
1584147,2541398,FALSE,FB.g1,QG3158,IV
2490389,11925510,FALSE,FB.g2,QG3158,IV
11866681,12627212,FALSE,FM.g2,QG3158,IV
12616788,13684776,FALSE,FM.g1,QG3158,IV
61171,674420,FALSE,FB.g1,QG3159,IV
674329,1703048,FALSE,FM.g1,QG3159,IV
1702993,1906635,FALSE,FB.g1,QG3159,IV
1875148,13684776,FALSE,FB.g2,QG3159,IV
61171,3248451,FALSE,FM.g1,QG3160,IV
3224154,11673085,FALSE,FB.g1,QG3160,IV
11673085,13684776,FALSE,FM.g1,QG3160,IV
61171,1706635,FALSE,FB.g1,QG3161,IV
1702993,1724228,FALSE,FB.g2,QG3161,IV
1724260,1777685,FALSE,FB.g1,QG3161,IV
1769617,2159721,FALSE,FB.g2,QG3161,IV
2091520,5360515,FALSE,FB.g1,QG3161,IV
5170878,11574094,FALSE,FM.g1,QG3161,IV
11573631,11996328,FALSE,FB.g1,QG3161,IV
11996328,12234031,FALSE,FM.g1,QG3161,IV
12234031,13684776,FALSE,FB.g1,QG3161,IV
61171,2583635,FALSE,FM.g1,QG3162,IV
2575640,13684776,FALSE,FB.g2,QG3162,IV
61171,1232578,FALSE,FB.g1,QG3163,IV
1232578,2110577,FALSE,FM.g2,QG3163,IV
1978786,13684776,FALSE,FB.g1,QG3163,IV
61171,716295,FALSE,FB.g1,QG3164,IV
678623,2404637,FALSE,FM.g1,QG3164,IV
2113166,11866692,FALSE,FB.g2,QG3164,IV
11862339,11921094,FALSE,FB.g1,QG3164,IV
11921094,13684776,FALSE,FM.g1,QG3164,IV
61171,2183386,FALSE,FB.g1,QG3166,IV
2183386,10364163,FALSE,FM.g1,QG3166,IV
9966793,11866692,FALSE,FB.g2,QG3166,IV
11862339,12624928,FALSE,FB.g1,QG3166,IV
12616788,13684776,FALSE,FM.g1,QG3166,IV
61171,2320668,FALSE,FM.g2,QG3167,IV
2320668,12353576,FALSE,FM.g1,QG3167,IV
12249551,12624928,FALSE,FB.g1,QG3167,IV
12582438,13684776,FALSE,FM.g2,QG3167,IV
61171,629976,FALSE,FM.g2,QG3168,IV
568067,647514,FALSE,FB.g1,QG3168,IV
647514,1328785,FALSE,FM.g2,QG3168,IV
1328785,1599533,FALSE,FB.g2,QG3168,IV
1599748,1633966,FALSE,FB.g1,QG3168,IV
1630023,11059647,FALSE,FB.g2,QG3168,IV
11045353,12464703,FALSE,FM.g1,QG3168,IV
12452486,13684776,FALSE,FB.g2,QG3168,IV
61171,654582,FALSE,FB.g2,QG3169,IV
654345,13684776,FALSE,FM.g1,QG3169,IV
61171,1169752,FALSE,FM.g2,QG3170,IV
1163031,11993742,FALSE,FB.g1,QG3170,IV
11981747,13684776,FALSE,FB.g2,QG3170,IV
61171,2159721,FALSE,FM.g1,QG3171,IV
2113166,9517451,FALSE,FB.g1,QG3171,IV
9516525,11500621,FALSE,FM.g1,QG3171,IV
11485885,12310370,FALSE,FM.g2,QG3171,IV
12310364,13684776,FALSE,FM.g1,QG3171,IV
61171,741751,FALSE,FM.g2,QG3172,IV
741751,1352812,FALSE,FB.g2,QG3172,IV
1351677,1686283,FALSE,FB.g1,QG3172,IV
1682320,13684776,FALSE,FB.g2,QG3172,IV
61171,806473,FALSE,FB.g2,QG3173,IV
735517,1141740,FALSE,FB.g1,QG3173,IV
1001339,1439447,FALSE,FB.g2,QG3173,IV
1439447,11663253,FALSE,FM.g1,QG3173,IV
11663219,13684776,FALSE,FB.g1,QG3173,IV
61171,963286,FALSE,FM.g1,QG3174,IV
963284,1526812,FALSE,FB.g1,QG3174,IV
1517806,13684776,FALSE,FM.g2,QG3174,IV
61171,629976,FALSE,FB.g1,QG3175,IV
568067,9351338,FALSE,FM.g2,QG3175,IV
9351338,12353576,FALSE,FM.g1,QG3175,IV
12249551,13684776,FALSE,FB.g1,QG3175,IV
61171,2110577,FALSE,FB.g1,QG3176,IV
1978786,10703712,FALSE,FM.g2,QG3176,IV
10702484,11474942,FALSE,FB.g1,QG3176,IV
11472751,13684776,FALSE,FM.g2,QG3176,IV
61171,1162140,FALSE,FM.g1,QG3177,IV
1054190,2110577,FALSE,FB.g1,QG3177,IV
1978786,2902453,FALSE,FM.g2,QG3177,IV
2892043,3248451,FALSE,FB.g1,QG3177,IV
3224154,9966705,FALSE,FM.g1,QG3177,IV
9122464,11966448,FALSE,FB.g2,QG3177,IV
11881953,13684776,FALSE,FM.g1,QG3177,IV
61171,1141740,FALSE,FB.g1,QG3178,IV
1001339,2806873,FALSE,FB.g2,QG3178,IV
2776635,12004295,FALSE,FB.g1,QG3178,IV
12001034,13684776,FALSE,FB.g2,QG3178,IV
61171,1642774,FALSE,FM.g1,QG3179,IV
1642774,1811218,FALSE,FB.g1,QG3179,IV
1811023,2369189,FALSE,FB.g2,QG3179,IV
2364321,3248451,FALSE,FB.g1,QG3179,IV
3224154,7724613,FALSE,FM.g1,QG3179,IV
7366971,10522089,FALSE,FB.g2,QG3179,IV
10499473,13684776,FALSE,FB.g1,QG3179,IV
61171,2526609,FALSE,FM.g1,QG3180,IV
2408511,11402615,FALSE,FB.g2,QG3180,IV
11401076,11874966,FALSE,FM.g1,QG3180,IV
11862694,13684776,FALSE,FB.g1,QG3180,IV
61171,1203985,FALSE,FM.g2,QG3181,IV
551333,1992847,FALSE,FM.g1,QG3181,IV
1866115,2768128,FALSE,FM.g2,QG3181,IV
2768558,12466652,FALSE,FB.g2,QG3181,IV
12393313,13684776,FALSE,FM.g2,QG3181,IV
61171,374011,FALSE,FB.g2,QG3182,IV
374011,2110577,FALSE,FM.g2,QG3182,IV
1978786,10951263,FALSE,FB.g1,QG3182,IV
10930380,12184621,FALSE,FM.g2,QG3182,IV
11925545,13684776,FALSE,FM.g1,QG3182,IV
61171,1457720,FALSE,FB.g1,QG3183,IV
1457861,1691594,FALSE,FM.g1,QG3183,IV
1596498,1992847,FALSE,FM.g2,QG3183,IV
1866115,2233825,FALSE,FM.g1,QG3183,IV
2160349,2321701,FALSE,FM.g2,QG3183,IV
2323497,12184621,FALSE,FM.g1,QG3183,IV
11925545,13684776,FALSE,FM.g2,QG3183,IV
61171,2333212,FALSE,FB.g2,QG3185,IV
2331488,11866692,FALSE,FM.g2,QG3185,IV
11866681,12624928,FALSE,FM.g1,QG3185,IV
12616788,13684776,FALSE,FB.g1,QG3185,IV
61171,741751,FALSE,FB.g2,QG3186,IV
741751,1409826,FALSE,FM.g1,QG3186,IV
1409982,1614058,FALSE,FB.g1,QG3186,IV
1607971,1619357,FALSE,FB.g2,QG3186,IV
1619348,1777685,FALSE,FB.g1,QG3186,IV
1769617,11966448,FALSE,FB.g2,QG3186,IV
11881953,13684776,FALSE,FM.g1,QG3186,IV
61171,2159721,FALSE,FB.g2,QG3187,IV
2091520,11347296,FALSE,FB.g1,QG3187,IV
11345926,12624928,FALSE,FM.g2,QG3187,IV
12582438,13684776,FALSE,FB.g1,QG3187,IV
61171,1638089,FALSE,FB.g1,QG3188,IV
1637597,2404637,FALSE,FM.g1,QG3188,IV
2113166,13095508,FALSE,FB.g2,QG3188,IV
13081247,13684776,FALSE,FB.g1,QG3188,IV
61171,806473,FALSE,FB.g2,QG3192,IV
735517,1399754,FALSE,FB.g1,QG3192,IV
1399754,1537745,FALSE,FM.g1,QG3192,IV
1530427,1626035,FALSE,FM.g2,QG3192,IV
1626035,3008443,FALSE,FB.g2,QG3192,IV
2912691,12424201,FALSE,FB.g1,QG3192,IV
12424098,12578671,FALSE,FM.g1,QG3192,IV
12559984,12957226,FALSE,FB.g2,QG3192,IV
12957214,13684776,FALSE,FM.g1;FM.g2,QG3192,IV
61171,1318983,FALSE,FM.g2,QG3193,IV
1172898,1473784,FALSE,FB.g2,QG3193,IV
1469385,2912119,FALSE,FB.g1,QG3193,IV
2870191,12159565,FALSE,FB.g2,QG3193,IV
12132804,13684776,FALSE,FM.g2,QG3193,IV
61171,1537745,FALSE,FM.g2,QG3194,IV
1530427,3181582,FALSE,FM.g1,QG3194,IV
3163811,3330743,FALSE,FB.g1,QG3194,IV
3330791,13684776,FALSE,FB.g2,QG3194,IV
61171,674420,FALSE,FB.g1,QG3196,IV
674329,13684776,FALSE,FM.g1,QG3196,IV
61171,2008169,FALSE,FM.g1,QG3197,IV
1992998,3925118,FALSE,FM.g2,QG3197,IV
3925092,13684776,FALSE,FM.g1,QG3197,IV
61171,544056,FALSE,FM.g2,QG3198,IV
529408,629976,FALSE,FB.g1,QG3198,IV
568067,1691594,FALSE,FM.g1,QG3198,IV
1596498,3318538,FALSE,FM.g2,QG3198,IV
3318506,13684776,FALSE,FM.g1,QG3198,IV
61171,1203985,FALSE,FM.g1,QG3199,IV
551333,1960298,FALSE,FM.g2,QG3199,IV
1913132,2110577,FALSE,FB.g2,QG3199,IV
2091520,11044925,FALSE,FM.g2,QG3199,IV
10989396,11538321,FALSE,FB.g1,QG3199,IV
11533728,13684776,FALSE,FM.g1,QG3199,IV
61171,314949,FALSE,FB.g2,QG3200,IV
314868,2405535,FALSE,FB.g1,QG3200,IV
2399730,11925510,FALSE,FM.g2,QG3200,IV
11866681,12588366,FALSE,FB.g2,QG3200,IV
12582438,13684776,FALSE,FB.g1,QG3200,IV
61171,12626540,FALSE,FB.g2,QG3201,IV
12626984,12842567,FALSE,FM.g1,QG3201,IV
12842567,13037257,TRUE,FB.g2&FM.g1;FM.g2,QG3201,IV
13037257,13684776,FALSE,FB.g2,QG3201,IV
61171,1777685,FALSE,FB.g1,QG3202,IV
1769617,12588367,FALSE,FB.g2,QG3202,IV
12588367,13684776,FALSE,FM.g1,QG3202,IV
61171,1203985,FALSE,FM.g2,QG3203,IV
551333,2102250,FALSE,FM.g1,QG3203,IV
2102250,2487137,FALSE,FB.g2,QG3203,IV
2485424,13083707,FALSE,FB.g1,QG3203,IV
13060941,13684776,FALSE,FM.g1;FM.g2,QG3203,IV
61171,2676303,FALSE,FA.g1,QG3205,IV
2654282,12531492,FALSE,FM.g2,QG3205,IV
12519864,13684776,FALSE,FM.g1,QG3205,IV
61171,1571485,FALSE,FM.g1,QG3206,IV
1539459,1992847,FALSE,FM.g2,QG3206,IV
1866115,12184621,FALSE,FM.g1,QG3206,IV
11925545,12439050,FALSE,FM.g2,QG3206,IV
12438967,13684776,FALSE,FM.g1,QG3206,IV
61171,13684776,FALSE,FA.g2,QG3207,IV
61171,1203985,FALSE,FM.g2,QG3208,IV
551333,2008169,FALSE,FM.g1,QG3208,IV
1203447,11628205,FALSE,FA.g2,QG3208,IV
2396910,11968790,FALSE,FM.g2,QG3208,IV
11968676,12429908,FALSE,FA.g1,QG3208,IV
12393313,12446599,FALSE,FM.g1,QG3208,IV
12446465,13684776,FALSE,FA.g1,QG3208,IV
61171,1992847,FALSE,FM.g1,QG3209,IV
1866115,2233825,TRUE,FM.g1&FM.g2,QG3209,IV
2160349,11948868,FALSE,FM.g1,QG3209,IV
11937017,13684776,FALSE,FA.g2,QG3209,IV
61171,1571485,FALSE,FA.g1,QG3211,IV
1539459,3778205,FALSE,FM.g1,QG3211,IV
3735123,13684776,FALSE,FA.g2,QG3211,IV
61171,1571485,FALSE,FM.g2,QG3212,IV
1539459,13684776,FALSE,FA.g2,QG3212,IV
61171,13684776,FALSE,FM.g1,QG3213,IV
61171,2008169,FALSE,FA.g1,QG3214,IV
1596498,2303215,FALSE,FM.g1,QG3214,IV
2283892,11416262,FALSE,FM.g2,QG3214,IV
11400620,12578880,FALSE,FA.g1,QG3214,IV
12322196,13684776,FALSE,FM.g2,QG3214,IV
61171,2676303,FALSE,FA.g2,QG3215,IV
2654282,12414747,FALSE,FA.g1,QG3215,IV
12414397,13684776,FALSE,FA.g2,QG3215,IV
61171,2233825,FALSE,FM.g2,QG3217,IV
2160349,11295801,FALSE,FA.g2,QG3217,IV
11295720,12177954,FALSE,FA.g1,QG3217,IV
12177954,13684776,FALSE,FM.g2,QG3217,IV
61171,1203985,FALSE,FM.g1,QG3219,IV
551333,2303215,FALSE,FM.g2,QG3219,IV
2283892,3785629,FALSE,FM.g1,QG3219,IV
3783930,11948868,FALSE,FA.g2,QG3219,IV
11937017,11959522,TRUE,FA.g1;FA.g2&FM.g1;FM.g2,QG3219,IV
11958021,13684776,FALSE,FA.g1,QG3219,IV
61171,12112408,FALSE,FA.g2,QG3220,IV
12112392,13684776,FALSE,FM.g2,QG3220,IV
61171,2110577,FALSE,FA.g2,QG3221,IV
1992998,2399343,FALSE,FM.g2,QG3221,IV
2396910,13684776,FALSE,FM.g1,QG3221,IV
61171,2008169,FALSE,FM.g1,QG3222,IV
1203447,2562307,FALSE,FA.g2,QG3222,IV
2562064,3219047,FALSE,FM.g1,QG3222,IV
3219024,13684776,TRUE,FA.g2&FM.g1,QG3222,IV
61171,629976,FALSE,FM.g2,QG3223,IV
624795,10588175,FALSE,FA.g2,QG3223,IV
10564667,11613219,FALSE,FM.g1,QG3223,IV
11608783,13684776,FALSE,FA.g1,QG3223,IV
61338,2299103,FALSE,FA.g1,QG3224,IV
2141679,10781934,FALSE,FM.g1,QG3224,IV
10752956,12249548,FALSE,FA.g1,QG3224,IV
12248067,12329449,FALSE,FM.g2,QG3224,IV
12329449,12474347,FALSE,FM.g1,QG3224,IV
12472177,13684776,FALSE,FA.g2,QG3224,IV
61171,1494318,FALSE,FA.g1,QG3225,IV
1494318,1992847,FALSE,FA.g2;FM.g1,QG3225,IV
1866115,2303215,FALSE,FM.g2,QG3225,IV
2283892,2862288,FALSE,FM.g1,QG3225,IV
2861089,13684776,FALSE,FA.g1,QG3225,IV
61171,1052958,FALSE,FM.g1,QG3226,IV
1037423,2299103,FALSE,FA.g1,QG3226,IV
2141679,2303215,FALSE,FM.g1,QG3226,IV
2283892,11628205,FALSE,FM.g2,QG3226,IV
2396910,11737196,FALSE,FA.g2,QG3226,IV
11662110,13684776,FALSE,FM.g2,QG3226,IV
61171,1240126,FALSE,FM.g2,QG3227,IV
1240126,1261564,TRUE,FA.g1&FA.g2;FM.g1,QG3227,IV
1261553,2438944,FALSE,FA.g2,QG3227,IV
1596498,12429908,FALSE,FA.g1,QG3227,IV
12393313,13684776,FALSE,FM.g1,QG3227,IV
61171,1141916,FALSE,FM.g1,QG3230,IV
1141916,2438944,FALSE,FA.g1,QG3230,IV
1596498,11628205,FALSE,FA.g2,QG3230,IV
2396910,11782313,FALSE,FM.g2,QG3230,IV
11749623,11855336,FALSE,FM.g1,QG3230,IV
11855099,11866692,FALSE,FM.g2,QG3230,IV
11866681,12184621,FALSE,FM.g1,QG3230,IV
11925545,13684776,FALSE,FM.g2,QG3230,IV
61171,646973,FALSE,FM.g1,QG3231,IV
647057,723932,FALSE,FA.g1;FA.g2,QG3231,IV
717379,2008169,FALSE,FM.g2,QG3231,IV
1992998,13684776,FALSE,FM.g1,QG3231,IV
61171,368925,FALSE,FM.g2,QG3232,IV
368925,2303215,FALSE,FM.g1,QG3232,IV
2283892,2704744,FALSE,FM.g2,QG3232,IV
2685389,12702027,FALSE,FA.g1,QG3232,IV
12696224,13684776,FALSE,FA.g2;FM.g1;FM.g2,QG3232,IV
61171,1691594,FALSE,FA.g1,QG3233,IV
1324889,2399343,FALSE,FM.g2,QG3233,IV
2396910,13684776,FALSE,FM.g1,QG3233,IV
61171,2438944,FALSE,FA.g2,QG3234,IV
1596498,2834838,FALSE,FA.g1,QG3234,IV
2745580,11036578,FALSE,FM.g1,QG3234,IV
11036578,13684776,FALSE,FM.g2,QG3234,IV
61171,1318170,FALSE,FA.g1,QG3235,IV
1318530,1333573,FALSE,FA.g2;FM.g1,QG3235,IV
1328480,11695636,FALSE,FA.g1,QG3235,IV
11695529,13684776,FALSE,FM.g1,QG3235,IV
61171,2008169,FALSE,FM.g1,QG3236,IV
1596498,2299103,FALSE,FA.g1;FA.g2,QG3236,IV
2141679,10990693,FALSE,FM.g1,QG3236,IV
10956397,13684776,FALSE,FM.g2,QG3236,IV
61171,1790699,FALSE,FM.g2,QG3237,IV
1790699,1992847,TRUE,FA.g1;FA.g2;FM.g1&FM.g2,QG3237,IV
1866115,2447771,FALSE,FA.g1,QG3237,IV
2447771,3058115,FALSE,FM.g1,QG3237,IV
3056548,13684776,FALSE,FA.g1,QG3237,IV
61217,13684776,FALSE,FA.g1,QG3238,IV
61171,344555,FALSE,FA.g1,QG3239,IV
344555,629976,FALSE,FM.g1,QG3239,IV
624795,6037786,FALSE,FA.g1,QG3239,IV
6037786,10990693,FALSE,FM.g1,QG3239,IV
10956397,13684776,FALSE,FA.g2,QG3239,IV
61171,1259670,TRUE,FA.g1&FA.g2,QG3240,IV
545752,3231708,FALSE,FA.g1,QG3240,IV
3224154,13684776,FALSE,FM.g1,QG3240,IV
61171,1016088,FALSE,FA.g1,QG3241,IV
1001371,2399343,FALSE,FM.g2,QG3241,IV
2396910,12237561,FALSE,FM.g1,QG3241,IV
12237561,13684776,FALSE,FA.g2,QG3241,IV
61171,2008169,FALSE,FM.g1,QG3242,IV
1203447,13684776,FALSE,FA.g2,QG3242,IV
61171,11887499,FALSE,FA.g1,QG3243,IV
11887499,12429908,TRUE,FA.g1&FM.g2,QG3243,IV
12393313,13684776,FALSE,FM.g1,QG3243,IV
61171,1353335,FALSE,FM.g2,QG3244,IV
1334345,11033360,FALSE,FM.g1,QG3244,IV
11033360,11643287,FALSE,FA.g1,QG3244,IV
11635375,13684776,FALSE,FA.g2,QG3244,IV
61171,2233825,FALSE,FA.g2,QG3245,IV
2160349,2264854,FALSE,FM.g2,QG3245,IV
2264854,13684776,FALSE,FA.g2,QG3245,IV
61217,10862827,FALSE,FA.g1,QG3246,IV
10788482,11416262,FALSE,FA.g2;FM.g2,QG3246,IV
11400620,11643287,FALSE,FA.g1,QG3246,IV
11635375,12310370,FALSE,FA.g2,QG3246,IV
11668480,13684776,FALSE,FA.g1,QG3246,IV
61171,1203985,FALSE,FM.g1,QG3248,IV
551333,1691594,FALSE,FM.g2,QG3248,IV
1324889,10748669,FALSE,FA.g1,QG3248,IV
10744891,13684776,FALSE,FM.g1,QG3248,IV
61171,647512,FALSE,FM.g2,QG3249,IV
647370,2438944,FALSE,FA.g2,QG3249,IV
1596498,11509499,FALSE,FA.g1,QG3249,IV
11509499,13684776,FALSE,FA.g2,QG3249,IV
61171,1394926,FALSE,FM.g1,QG3250,IV
1394165,12437720,FALSE,FM.g2,QG3250,IV
12429929,12496624,FALSE,FM.g1,QG3250,IV
12474430,12627212,FALSE,FA.g2,QG3250,IV
12616788,13684776,FALSE,FM.g1,QG3250,IV
61171,483757,FALSE,FA.g1,QG3251,IV
483820,1591798,FALSE,FA.g2,QG3251,IV
1588466,2125640,FALSE,FM.g2,QG3251,IV
2125640,2233825,FALSE,FA.g1;FA.g2,QG3251,IV
2160349,11782313,FALSE,FM.g2,QG3251,IV
11749623,11848363,FALSE,FM.g1,QG3251,IV
11848363,11866692,FALSE,FM.g2,QG3251,IV
11866681,13684776,FALSE,FM.g1,QG3251,IV
61171,1203985,FALSE,FM.g1,QG3252,IV
551333,11628205,FALSE,FM.g2,QG3252,IV
2396910,13684776,FALSE,FA.g2,QG3252,IV
61171,633859,FALSE,FM.g2,QG3254,IV
633859,13684776,FALSE,FA.g2,QG3254,IV
61171,618420,FALSE,FA.g2,QG3255,IV
618420,11628205,FALSE,FM.g2,QG3255,IV
2396910,12282505,FALSE,FA.g2,QG3255,IV
12281535,13684776,FALSE,FM.g1,QG3255,IV
61171,629976,FALSE,FM.g1,QG3256,IV
624795,3238136,FALSE,FA.g1,QG3256,IV
3233248,3278982,FALSE,FA.g2;FM.g2,QG3256,IV
3278860,5917573,FALSE,FM.g1,QG3256,IV
5917573,12310370,FALSE,FA.g1,QG3256,IV
11668480,12331482,FALSE,FA.g2,QG3256,IV
12322196,12437720,FALSE,FM.g1,QG3256,IV
12429929,13684776,FALSE,FM.g2,QG3256,IV
61171,1457861,FALSE,FM.g2,QG3257,IV
1450280,2438944,FALSE,FA.g2,QG3257,IV
1596498,9815018,FALSE,FA.g1,QG3257,IV
9814947,12127445,FALSE,FA.g2,QG3257,IV
12127445,13684776,FALSE,FM.g2,QG3257,IV
61171,1259670,FALSE,FA.g2,QG3258,IV
545752,2299103,FALSE,FA.g1,QG3258,IV
2141679,13684776,FALSE,FM.g1,QG3258,IV
61171,1123140,FALSE,FA.g2,QG3261,IV
1123140,2008169,FALSE,FM.g1,QG3261,IV
1203447,13684776,FALSE,FA.g2,QG3261,IV
61171,2751743,FALSE,FA.g2,QG3262,IV
2751705,10544654,FALSE,FA.g1,QG3262,IV
10544654,11737196,FALSE,FM.g2,QG3262,IV
11668480,13684776,FALSE,FA.g1,QG3262,IV
61171,2299103,FALSE,FM.g1,QG3263,IV
2141679,12184498,FALSE,FA.g2,QG3263,IV
12184498,13684776,FALSE,FM.g1,QG3263,IV
61171,2140841,FALSE,FA.g2,QG3264,IV
2113166,2360100,FALSE,FM.g1,QG3264,IV
2360100,13684776,FALSE,FM.g2,QG3264,IV
61171,716295,FALSE,FA.g2,QG3265,IV
678524,849999,FALSE,FM.g1;FM.g2,QG3265,IV
812173,2299103,FALSE,FA.g2,QG3265,IV
2141679,12184621,FALSE,FM.g1,QG3265,IV
11925545,13684776,FALSE,FM.g2,QG3265,IV
61171,1691594,FALSE,FA.g1,QG3266,IV
1324889,13684776,FALSE,FM.g2,QG3266,IV
61171,1182274,FALSE,FA.g2,QG3267,IV
1163031,13684776,FALSE,FM.g1,QG3267,IV
61171,873612,FALSE,FB.g2,QG3268,IV
865380,1633081,FALSE,FB.g1,QG3268,IV
1633081,2404637,FALSE,FM.g1,QG3268,IV
2113166,2526609,FALSE,FB.g2,QG3268,IV
2408511,11031846,FALSE,FM.g1,QG3268,IV
11030637,11925510,FALSE,FM.g2,QG3268,IV
11881953,12310370,FALSE,FM.g1,QG3268,IV
12310364,13684776,FALSE,FB.g2,QG3268,IV
61171,1585797,FALSE,FB.g2,QG3269,IV
1576719,2666042,FALSE,FM.g2,QG3269,IV
2638537,3831504,FALSE,FB.g2,QG3269,IV
3783930,10029647,TRUE,FB.g1&FB.g2,QG3269,IV
10028934,11059647,FALSE,FB.g1,QG3269,IV
11051726,11334135,FALSE,FB.g2,QG3269,IV
11334179,11614169,FALSE,FM.g2,QG3269,IV
11593993,11874966,TRUE,FB.g1&FM.g2,QG3269,IV
11862694,12184621,TRUE,FM.g1&FM.g2,QG3269,IV
11925545,13684776,FALSE,FM.g2,QG3269,IV
61171,1141740,FALSE,FB.g1,QG3270,IV
1001339,1395134,FALSE,FB.g2,QG3270,IV
1395043,1505744,FALSE,FB.g1,QG3270,IV
1489727,1591798,FALSE,FM.g1,QG3270,IV
1588466,1992847,FALSE,FM.g2,QG3270,IV
1866115,13684776,FALSE,FM.g1,QG3270,IV
61171,1447156,FALSE,FM.g1,QG3271,IV
1447156,1457717,TRUE,FB.g2&FM.g1,QG3271,IV
1451806,2186856,FALSE,FB.g2,QG3271,IV
2186856,13060507,FALSE,FB.g1,QG3271,IV
12995339,13684776,FALSE,FM.g1;FM.g2,QG3271,IV
61171,1318983,FALSE,FM.g2,QG3272,IV
1172898,1396628,FALSE,FB.g2,QG3272,IV
1395611,11063564,FALSE,FB.g1,QG3272,IV
11063564,13684776,FALSE,FB.g2,QG3272,IV
61171,1536831,FALSE,FB.g2,QG3273,IV
1516075,1605730,FALSE,FM.g1,QG3273,IV
1605730,3330743,FALSE,FB.g1,QG3273,IV
3330791,13684776,FALSE,FB.g2,QG3273,IV
61171,1338392,FALSE,FB.g2,QG3274,IV
1338391,2008169,FALSE,FB.g1,QG3274,IV
1992998,11256141,FALSE,FM.g1,QG3274,IV
11252068,13684776,FALSE,FM.g2,QG3274,IV
61171,727621,FALSE,FB.g1,QG3275,IV
725354,2666042,FALSE,FM.g2,QG3275,IV
2638537,3175807,FALSE,FB.g2,QG3275,IV
3175761,13684776,FALSE,FM.g1,QG3275,IV
61171,2732426,FALSE,FB.g2,QG3276,IV
2732354,5826886,FALSE,FM.g1,QG3276,IV
5825681,10502312,FALSE,FM.g2,QG3276,IV
10430655,11925510,FALSE,FB.g2,QG3276,IV
11866681,13684776,FALSE,FM.g2,QG3276,IV
61171,1169752,FALSE,FM.g2,QG3277,IV
1163031,2676259,TRUE,FB.g1&FM.g1,QG3277,IV
2626874,4312724,FALSE,FB.g1,QG3277,IV
4256593,12310370,FALSE,FM.g1,QG3277,IV
12310364,12556571,FALSE,FM.g2,QG3277,IV
12539941,13684776,FALSE,FB.g2,QG3277,IV
61171,1203985,FALSE,FM.g1,QG3278,IV
551333,1695163,FALSE,FM.g2,QG3278,IV
1695163,1706674,FALSE,FM.g1,QG3278,IV
1706066,1746142,FALSE,FB.g2,QG3278,IV
1724344,1786939,FALSE,FM.g1,QG3278,IV
1776931,11273048,FALSE,FB.g2,QG3278,IV
11264011,11675590,FALSE,FM.g1,QG3278,IV
11668976,12184621,FALSE,FM.g2,QG3278,IV
11925545,13684776,FALSE,FM.g1,QG3278,IV
61171,806473,FALSE,FB.g1,QG3280,IV
735517,2009787,FALSE,FB.g2,QG3280,IV
2009787,2404637,FALSE,FM.g1,QG3280,IV
2113166,12215104,FALSE,FB.g2,QG3280,IV
12215104,13684776,FALSE,FB.g1,QG3280,IV
61171,1630083,FALSE,FB.g1,QG3281,IV
1630083,2258688,FALSE,FM.g2,QG3281,IV
2258688,3308288,TRUE,FB.g1&FM.g2,QG3281,IV
3308288,10576048,TRUE,FB.g2&FM.g2,QG3281,IV
10575971,11541269,TRUE,FB.g1&FM.g2,QG3281,IV
11541269,12773916,FALSE,FB.g1,QG3281,IV
12773913,13684776,FALSE,FM.g1;FM.g2,QG3281,IV
61171,1203985,FALSE,FM.g2,QG3282,IV
551333,1960298,FALSE,FM.g1,QG3282,IV
1913132,13684776,FALSE,FB.g2,QG3282,IV
61171,2676376,FALSE,FB.g2,QG3283,IV
2676547,10851811,FALSE,FB.g1,QG3283,IV
10851811,13684776,FALSE,FM.g1,QG3283,IV
61171,716295,FALSE,FB.g1,QG3284,IV
678623,1992847,FALSE,FM.g2,QG3284,IV
1866115,2399343,FALSE,FM.g1,QG3284,IV
2396910,2586967,FALSE,FM.g2,QG3284,IV
2584563,3908785,FALSE,FB.g2,QG3284,IV
3888480,9769288,FALSE,FB.g1,QG3284,IV
9769288,13684776,FALSE,FM.g2,QG3284,IV
61609,2354913,FALSE,FM.g2,QG3285,IV
2354913,10635799,FALSE,FM.g1,QG3285,IV
10635799,13671405,FALSE,FB.g1,QG3285,IV
61171,2008169,FALSE,FM.g1,QG3288,IV
1992998,2288676,FALSE,FB.g1,QG3288,IV
2288676,3596531,FALSE,FM.g2,QG3288,IV
3596344,13684776,FALSE,FM.g1,QG3288,IV
61171,2404637,FALSE,FM.g1,QG3289,IV
2113166,10502312,FALSE,FB.g2,QG3289,IV
10430655,11866692,FALSE,FM.g2,QG3289,IV
11866681,12353576,FALSE,FM.g1,QG3289,IV
12249551,13684776,FALSE,FB.g1,QG3289,IV
61171,907192,FALSE,FB.g2,QG3290,IV
907246,2110577,FALSE,FB.g1,QG3290,IV
1978786,2665461,FALSE,FM.g2,QG3290,IV
2665461,9818909,FALSE,FB.g1,QG3290,IV
9818520,13684776,FALSE,FB.g2,QG3290,IV
61171,662958,FALSE,FM.g2,QG3294,IV
662850,1318983,FALSE,FB.g2,QG3294,IV
1172898,2233825,FALSE,FM.g2,QG3294,IV
2160349,2806873,FALSE,FB.g2,QG3294,IV
2776635,3130851,FALSE,FB.g1,QG3294,IV
3082454,12331358,FALSE,FB.g2,QG3294,IV
12256807,13684776,FALSE,FM.g2,QG3294,IV
61171,1505744,FALSE,FB.g1,QG3295,IV
1489727,1591798,FALSE,FM.g1,QG3295,IV
1588466,12112400,FALSE,FM.g2,QG3295,IV
12036268,12931839,FALSE,FB.g2,QG3295,IV
12931826,13684776,FALSE,FM.g1;FM.g2,QG3295,IV
61171,2405535,FALSE,FM.g2,QG3296,IV
2399730,13684776,FALSE,FB.g1,QG3296,IV
61171,1162140,FALSE,FM.g1,QG3297,IV
1054190,13684776,FALSE,FB.g1,QG3297,IV
61171,11310836,FALSE,FB.g2,QG3298,IV
11293794,12112400,FALSE,FM.g1,QG3298,IV
12036268,12298978,FALSE,FB.g2,QG3298,IV
12298186,13684776,FALSE,FM.g1,QG3298,IV
61171,6281645,FALSE,FB.g1,QG3300,IV
6281645,10774191,FALSE,FB.g2,QG3300,IV
10774191,11005739,FALSE,FM.g1,QG3300,IV
11005125,12038073,FALSE,FM.g2,QG3300,IV
12038073,12204022,FALSE,FB.g1,QG3300,IV
12204582,12647086,FALSE,FM.g1,QG3300,IV
12647086,13055190,FALSE,FB.g1,QG3300,IV
13055190,13684776,FALSE,FB.g2,QG3300,IV
61171,2110577,FALSE,FM.g2,QG3301,IV
1978786,2706903,FALSE,FB.g1,QG3301,IV
2706697,9755954,FALSE,FM.g1,QG3301,IV
9755966,13684776,FALSE,FM.g2,QG3301,IV
61171,1963243,FALSE,FM.g1,QG3302,IV
1962824,2404637,TRUE,FB.g2&FM.g1,QG3302,IV
2113166,11966448,FALSE,FB.g2,QG3302,IV
11925545,13684776,FALSE,FM.g2,QG3302,IV
61171,1162140,FALSE,FM.g2,QG3304,IV
1054190,2456980,FALSE,FB.g1,QG3304,IV
2417433,3176930,FALSE,FM.g2,QG3304,IV
3176450,4491916,FALSE,FB.g1,QG3304,IV
4312843,11563874,FALSE,FM.g1,QG3304,IV
11552508,13684776,FALSE,FB.g1,QG3304,IV
61171,8860711,TRUE,FM.g1&FM.g2,QG3305,IV
8860546,11437437,FALSE,FM.g1,QG3305,IV
11435057,12310370,FALSE,FM.g2,QG3305,IV
12310364,13684776,TRUE,FM.g1&FM.g2,QG3305,IV
61171,13233142,FALSE,FB.g2,QG3306,IV
13233221,13684776,FALSE,FM.g1;FM.g2,QG3306,IV
61171,1212145,FALSE,FM.g2,QG3307,IV
1211960,12184621,FALSE,FM.g1,QG3307,IV
11925545,13684776,FALSE,FM.g2,QG3307,IV
61171,1338392,FALSE,FB.g2,QG3308,IV
1338391,2596676,FALSE,FB.g1,QG3308,IV
2593014,12233979,FALSE,FB.g2,QG3308,IV
12233552,13684776,FALSE,FB.g1,QG3308,IV
61171,3008443,FALSE,FB.g1,QG3309,IV
2912691,11570384,FALSE,FB.g2,QG3309,IV
11570395,13684776,FALSE,FM.g2,QG3309,IV
61171,646518,FALSE,FB.g2,QG3310,IV
642381,1169752,FALSE,FB.g1,QG3310,IV
1163031,2233825,FALSE,FM.g2,QG3310,IV
2160349,2333212,FALSE,FB.g2;FM.g1,QG3310,IV
2331488,4284037,FALSE,FM.g2,QG3310,IV
4283791,12159565,FALSE,FM.g1,QG3310,IV
12132804,12331358,FALSE,FB.g2,QG3310,IV
12256807,13684776,FALSE,FM.g2,QG3310,IV
61171,1141740,FALSE,FB.g1,QG3312,IV
1001339,2110577,FALSE,FB.g2,QG3312,IV
2091520,2728579,FALSE,FM.g2,QG3312,IV
2728362,3122333,FALSE,FB.g1,QG3312,IV
3122519,11102572,FALSE,FM.g1,QG3312,IV
11051726,13684776,FALSE,FB.g1,QG3312,IV
61171,1540353,FALSE,FB.g1,QG3314,IV
1540353,12218658,FALSE,FB.g2,QG3314,IV
12184663,13684776,FALSE,FM.g1,QG3314,IV
61171,1691594,FALSE,FM.g1,QG3316,IV
1596498,5227422,FALSE,FM.g2,QG3316,IV
5227360,12176613,FALSE,FB.g2,QG3316,IV
12176613,13060507,FALSE,FM.g2,QG3316,IV
12995339,13684776,FALSE,FB.g1,QG3316,IV
61171,10856863,FALSE,FB.g2,QG3317,IV
10856863,11780213,FALSE,FB.g1,QG3317,IV
11752923,11809012,FALSE,FM.g1,QG3317,IV
11808015,11874966,FALSE,FB.g1,QG3317,IV
11862694,12353576,FALSE,FM.g1,QG3317,IV
12249551,13684776,FALSE,FB.g1,QG3317,IV
61171,1680963,FALSE,FB.g1,QG3319,IV
1680963,11572716,FALSE,FM.g1,QG3319,IV
11564080,12334115,FALSE,FB.g1,QG3319,IV
12334115,13684776,FALSE,FB.g2,QG3319,IV
61171,457922,FALSE,FB.g1,QG3320,IV
444809,1912155,FALSE,FB.g2,QG3320,IV
1912155,2909797,FALSE,FB.g1,QG3320,IV
2908499,13032067,FALSE,FM.g1,QG3320,IV
13032050,13684776,FALSE,FB.g2,QG3320,IV
61217,2008169,FALSE,FA.g1,QG3321,IV
1596498,2140841,TRUE,FA.g1;FA.g2&FM.g1,QG3321,IV
2113166,13684776,FALSE,FM.g1,QG3321,IV
110563,1788050,FALSE,FM.g2,QG3322,IV
1784218,2726187,FALSE,FA.g2,QG3322,IV
2726111,11304336,FALSE,FM.g1,QG3322,IV
11304336,13672867,FALSE,FA.g2,QG3322,IV
61171,3203789,FALSE,FA.g2,QG3324,IV
3102722,13684776,FALSE,FA.g1,QG3324,IV
61171,2299103,FALSE,FA.g1,QG3327,IV
2141679,11866815,FALSE,FM.g1,QG3327,IV
11878978,11881249,FALSE,FM.g2,QG3327,IV
11884720,11936954,FALSE,FM.g1,QG3327,IV
11920705,13684776,FALSE,FA.g2,QG3327,IV
61171,3296260,FALSE,FA.g1,QG3331,IV
3296330,10655182,FALSE,FM.g1,QG3331,IV
10588237,12310370,FALSE,FA.g2,QG3331,IV
11668480,13684776,FALSE,FA.g1,QG3331,IV
61171,484708,FALSE,FM.g2,QG3333,IV
484708,1182274,FALSE,FA.g2,QG3333,IV
1163031,12496624,FALSE,FM.g1,QG3333,IV
12474430,13684776,FALSE,FA.g2,QG3333,IV
61171,2008169,FALSE,FA.g2,QG3334,IV
1203447,2299103,FALSE,FM.g1,QG3334,IV
2141679,11062676,FALSE,FA.g1,QG3334,IV
11045353,11371452,FALSE,FM.g1,QG3334,IV
11352359,12025578,FALSE,FA.g1,QG3334,IV
12025578,13684776,FALSE,FM.g1,QG3334,IV
61171,1052958,FALSE,FA.g2,QG3335,IV
1037423,1691594,FALSE,FM.g2,QG3335,IV
1324889,2008169,FALSE,FA.g1,QG3335,IV
1596498,12184621,FALSE,FM.g1,QG3335,IV
11925545,13684776,FALSE,FM.g2,QG3335,IV
61171,1203985,FALSE,FM.g2,QG3336,IV
551333,12184621,FALSE,FM.g1,QG3336,IV
11925545,12215601,FALSE,FM.g2,QG3336,IV
12205459,13684776,FALSE,FA.g1,QG3336,IV
61171,1691594,FALSE,FA.g1,QG3337,IV
1324889,11628205,FALSE,FM.g2,QG3337,IV
2396910,13684776,FALSE,FA.g2,QG3337,IV
61171,11988853,FALSE,FM.g2,QG3342,IV
11988853,13684776,FALSE,FA.g2,QG3342,IV
61171,1691594,FALSE,FM.g2,QG3344,IV
1324889,2008169,FALSE,FA.g1,QG3344,IV
1596498,13684776,FALSE,FM.g1,QG3344,IV
61171,2008169,FALSE,FM.g1,QG3346,IV
1203447,13684776,FALSE,FA.g2,QG3346,IV
61171,2008169,FALSE,FA.g2,QG3347,IV
1202893,2609553,FALSE,FM.g1,QG3347,IV
2609557,12578671,FALSE,FM.g2,QG3347,IV
12322196,13116091,FALSE,FA.g1,QG3347,IV
13115214,13684776,FALSE,FA.g2;FM.g1;FM.g2,QG3347,IV
61171,2009787,FALSE,FB.g2,QG3349,IV
2009787,2870152,FALSE,FM.g1,QG3349,IV
2814866,3373360,FALSE,FB.g2,QG3349,IV
3320346,4949502,FALSE,FM.g1,QG3349,IV
4949563,11385991,FALSE,FB.g2,QG3349,IV
11383633,12555048,FALSE,FM.g1,QG3349,IV
12554946,13684776,FALSE,FB.g2,QG3349,IV
61171,1517683,FALSE,FM.g1,QG3351,IV
1505800,1605693,FALSE,FB.g1,QG3351,IV
1605693,1703048,FALSE,FB.g2,QG3351,IV
1686740,2159721,FALSE,FM.g1,QG3351,IV
2113166,2707480,FALSE,FB.g1,QG3351,IV
2707114,13684776,FALSE,FB.g2,QG3351,IV
61171,1357497,FALSE,FM.g1,QG3352,IV
1357244,2008169,FALSE,FB.g1,QG3352,IV
1992998,2404637,FALSE,FM.g1,QG3352,IV
2113166,3228696,FALSE,FB.g2,QG3352,IV
3228233,11542304,FALSE,FB.g1,QG3352,IV
11539077,13684776,FALSE,FB.g2,QG3352,IV
61171,2233825,FALSE,FM.g1,QG3354,IV
2160349,4137319,FALSE,FM.g2,QG3354,IV
3749834,12624928,FALSE,FB.g1,QG3354,IV
12582438,13684776,FALSE,FM.g2,QG3354,IV
61171,2233825,FALSE,FM.g1,QG3355,IV
2160349,12482820,FALSE,FM.g2,QG3355,IV
12481831,13684776,FALSE,FM.g1,QG3355,IV
61171,2159721,FALSE,FB.g1,QG3357,IV
2091520,2321695,TRUE,FB.g1&FB.g2,QG3357,IV
2311297,2707480,FALSE,FB.g1,QG3357,IV
2707114,13684776,FALSE,FB.g2,QG3357,IV
61171,449637,FALSE,FM.g2,QG3358,IV
449570,1318983,FALSE,FB.g2,QG3358,IV
1172898,2233825,FALSE,FM.g2,QG3358,IV
2160349,11396878,FALSE,FM.g1,QG3358,IV
11396745,13684776,FALSE,FB.g1,QG3358,IV
61171,12154029,FALSE,FB.g1,QG3362,IV
12154029,13684776,FALSE,FM.g2,QG3362,IV
61171,782829,FALSE,FB.g1,QG3363,IV
782829,1510962,FALSE,FM.g1,QG3363,IV
1462078,10856860,FALSE,FB.g2,QG3363,IV
10832418,11032733,FALSE,FM.g1,QG3363,IV
11032450,13684776,FALSE,FB.g2,QG3363,IV
61171,516490,FALSE,FB.g2,QG3364,IV
472419,1203985,FALSE,FM.g1,QG3364,IV
551333,1789299,FALSE,FM.g2,QG3364,IV
1789333,2404637,FALSE,FB.g2,QG3364,IV
2113166,10933596,FALSE,FM.g1,QG3364,IV
10933596,11481822,FALSE,FB.g1,QG3364,IV
11481816,11563874,FALSE,FM.g1,QG3364,IV
11552508,11874966,FALSE,FB.g1,QG3364,IV
11862694,12184621,FALSE,FM.g1,QG3364,IV
11925545,13684776,FALSE,FM.g2,QG3364,IV
61171,3672920,FALSE,FB.g1,QG3366,IV
3658013,10856860,FALSE,FM.g1,QG3366,IV
10832418,11925510,FALSE,FM.g2,QG3366,IV
11866681,12131005,FALSE,FB.g2,QG3366,IV
12118062,13684776,FALSE,FM.g2,QG3366,IV
61171,806473,FALSE,FB.g1,QG3367,IV
735517,11051577,FALSE,FB.g2,QG3367,IV
11032057,11866692,FALSE,FB.g1,QG3367,IV
11866681,12627212,FALSE,FM.g2,QG3367,IV
12616788,12916451,FALSE,FM.g1,QG3367,IV
12916451,13684776,FALSE,FB.g2,QG3367,IV
61171,1420223,FALSE,FB.g1,QG3370,IV
1418358,2233825,FALSE,FM.g2,QG3370,IV
2160349,13684776,FALSE,FM.g1,QG3370,IV
61171,2303215,FALSE,FM.g2,QG3371,IV
2283892,2332353,TRUE,FB.g2;FM.g1&FM.g2,QG3371,IV
2331488,10929556,FALSE,FM.g1,QG3371,IV
10926914,11466779,FALSE,FM.g2,QG3371,IV
11461507,13684776,FALSE,FM.g1,QG3371,IV
61171,2110577,FALSE,FB.g2,QG3372,IV
2091520,2633953,FALSE,FM.g2,QG3372,IV
2634144,2806873,FALSE,FB.g2,QG3372,IV
2776635,4256295,FALSE,FB.g1,QG3372,IV
4215607,11966448,FALSE,FM.g1,QG3372,IV
11881953,12466652,FALSE,FB.g2,QG3372,IV
12393313,13684776,FALSE,FM.g2,QG3372,IV
61171,516490,FALSE,FM.g1,QG3373,IV
472419,2159721,FALSE,FB.g2,QG3373,IV
2091520,2331288,FALSE,FB.g1,QG3373,IV
2326511,12429908,FALSE,FB.g2,QG3373,IV
12363180,13060507,FALSE,FM.g1,QG3373,IV
12995339,13684776,FALSE,FB.g1,QG3373,IV
61171,1162140,FALSE,FB.g1,QG3374,IV
1054190,1399004,FALSE,FM.g1,QG3374,IV
1398992,3130851,FALSE,FB.g2,QG3374,IV
3082454,13684776,FALSE,FB.g1,QG3374,IV
61171,526378,FALSE,FM.g1,QG3377,IV
526309,806473,FALSE,FB.g2,QG3377,IV
735517,806786,TRUE,FB.g1&FB.g2,QG3377,IV
806727,1691910,FALSE,FB.g2,QG3377,IV
1686740,3202661,FALSE,FM.g2,QG3377,IV
3202661,13684776,FALSE,FB.g1,QG3377,IV
61171,1571485,FALSE,FM.g2,QG3380,IV
1539459,3526562,FALSE,FA.g2,QG3380,IV
3523336,12310370,FALSE,FA.g1,QG3380,IV
11668480,13684776,FALSE,FA.g2,QG3380,IV
61171,763302,FALSE,FM.g1,QG3381,IV
763302,1353335,FALSE,FA.g2,QG3381,IV
1334345,10685405,FALSE,FA.g1,QG3381,IV
10657906,10922999,FALSE,FM.g1,QG3381,IV
10922786,12310370,FALSE,FA.g2,QG3381,IV
11668480,13684776,FALSE,FA.g1,QG3381,IV
61171,1259670,FALSE,FA.g2,QG3383,IV
545752,2299103,FALSE,FA.g1,QG3383,IV
2141679,3207557,FALSE,FM.g1,QG3383,IV
3203778,4233007,FALSE,FA.g1,QG3383,IV
4232935,11318269,FALSE,FM.g1,QG3383,IV
11108969,12857768,FALSE,FA.g1,QG3383,IV
12829946,13684776,FALSE,FA.g2;FM.g1;FM.g2,QG3383,IV
61171,1259670,FALSE,FA.g2,QG3385,IV
545752,1691594,FALSE,FA.g1,QG3385,IV
1324889,11737196,FALSE,FM.g2,QG3385,IV
11662110,13684776,FALSE,FA.g2,QG3385,IV
61171,1052958,FALSE,FA.g2,QG3387,IV
1037423,2008169,FALSE,FM.g1,QG3387,IV
1203447,11628205,FALSE,FA.g2,QG3387,IV
2396910,12439050,FALSE,FM.g2,QG3387,IV
12438967,13684776,FALSE,FM.g1,QG3387,IV
61171,1457861,TRUE,FA.g1&FA.g2,QG3391,IV
1450280,13684776,FALSE,FM.g1,QG3391,IV
61171,1992847,FALSE,FM.g1,QG3392,IV
1866115,10990693,FALSE,FM.g2,QG3392,IV
10956397,12127445,FALSE,FM.g1,QG3392,IV
12127445,12643793,FALSE,FA.g1,QG3392,IV
12637324,13684776,FALSE,FM.g1,QG3392,IV
61171,1203985,FALSE,FM.g2,QG3394,IV
551333,1449524,FALSE,FM.g1,QG3394,IV
1449577,1571485,FALSE,FA.g1;FM.g2,QG3394,IV
1539459,2299103,FALSE,FM.g1,QG3394,IV
2141679,13684776,FALSE,FA.g2,QG3394,IV
61171,1203985,FALSE,FM.g2,QG3395,IV
551333,1216739,FALSE,FM.g1,QG3395,IV
1216727,1691594,FALSE,FM.g2,QG3395,IV
1324889,2438944,FALSE,FA.g1,QG3395,IV
1596498,12550609,FALSE,FA.g2,QG3395,IV
12529829,13684776,FALSE,FM.g1,QG3395,IV
61171,2704744,FALSE,FA.g1,QG3396,IV
2685389,11444369,FALSE,FA.g2;FM.g2,QG3396,IV
11442466,12829883,FALSE,FA.g1,QG3396,IV
12780303,13684776,FALSE,FA.g2;FM.g1;FM.g2,QG3396,IV
61171,2233825,FALSE,FM.g2,QG3397,IV
2160349,12284706,FALSE,FA.g2,QG3397,IV
12284706,13684776,FALSE,FM.g1,QG3397,IV
61171,2008169,FALSE,FA.g2,QG3400,IV
1203447,7806230,FALSE,FM.g1,QG3400,IV
7806230,12429908,FALSE,FA.g1,QG3400,IV
12393313,13684776,FALSE,FM.g1,QG3400,IV
61171,1397789,FALSE,FA.g1,QG3403,IV
1397789,1439510,FALSE,FA.g2;FM.g1,QG3403,IV
1439462,13684776,FALSE,FA.g1,QG3403,IV
61171,2634662,FALSE,FA.g1,QG3404,IV
2634662,13684776,FALSE,FM.g2,QG3404,IV
61171,1571485,FALSE,FM.g2,QG3408,IV
1539459,2306654,FALSE,FA.g2,QG3408,IV
2305188,2855666,FALSE,FM.g2,QG3408,IV
2853591,11105169,FALSE,FM.g1,QG3408,IV
11062830,11318269,TRUE,FA.g1&FM.g1,QG3408,IV
11109182,13684776,FALSE,FM.g1,QG3408,IV
61171,504316,FALSE,FM.g2,QG3409,IV
353246,2110577,FALSE,FA.g1,QG3409,IV
1992998,2233825,FALSE,FM.g2,QG3409,IV
2160349,2676303,FALSE,FA.g2,QG3409,IV
2654282,3014519,FALSE,FA.g1,QG3409,IV
3014199,13684776,FALSE,FA.g2,QG3409,IV
61171,723932,FALSE,FA.g1,QG3410,IV
717379,1182274,FALSE,FM.g1;FM.g2,QG3410,IV
1163031,2438944,FALSE,FA.g2,QG3410,IV
1596498,10124694,FALSE,FA.g1,QG3410,IV
10124681,10685405,FALSE,FM.g1,QG3410,IV
10657906,12921111,FALSE,FA.g1,QG3410,IV
12857850,13684776,FALSE,FA.g2;FM.g1;FM.g2,QG3410,IV
61171,1203985,FALSE,FM.g2,QG3412,IV
551333,13684776,FALSE,FM.g1,QG3412,IV
61171,1414050,FALSE,FB.g1,QG3414,IV
1414050,13008417,FALSE,FB.g2,QG3414,IV
13008417,13684776,FALSE,FM.g1;FM.g2,QG3414,IV
61171,12689266,FALSE,FB.g1,QG3418,IV
12688421,13684776,FALSE,FB.g2,QG3418,IV
61171,287159,FALSE,FM.g1,QG3421,IV
287159,544056,FALSE,FB.g1,QG3421,IV
529408,649263,FALSE,FM.g2,QG3421,IV
649263,2806873,FALSE,FB.g2,QG3421,IV
2776635,12112408,FALSE,FB.g1,QG3421,IV
12116313,13684776,FALSE,FM.g1,QG3421,IV
61171,1686283,FALSE,FB.g1,QG3427,IV
1682320,2526609,FALSE,FB.g2,QG3427,IV
2408511,13684776,FALSE,FM.g1,QG3427,IV
61171,11437437,FALSE,FM.g2,QG3432,IV
11435057,12112217,FALSE,FM.g1,QG3432,IV
12106279,13684776,FALSE,FB.g1,QG3432,IV
61171,11044925,FALSE,FB.g1,QG3434,IV
10989396,11782313,FALSE,FM.g2,QG3434,IV
11749623,11838082,FALSE,FM.g1,QG3434,IV
11838115,11866692,FALSE,FM.g2,QG3434,IV
11866681,12184621,FALSE,FM.g1,QG3434,IV
11925545,12310370,FALSE,FM.g2,QG3434,IV
12310364,13060507,FALSE,FM.g1,QG3434,IV
12995339,13684776,FALSE,FB.g1,QG3434,IV
61171,2159721,FALSE,FB.g1,QG3437,IV
2091520,2298446,FALSE,FB.g2,QG3437,IV
2298446,3130851,FALSE,FB.g1,QG3437,IV
3082454,3221415,FALSE,FB.g2,QG3437,IV
3222212,11780213,FALSE,FB.g1,QG3437,IV
11752923,11848229,FALSE,FM.g2,QG3437,IV
11848229,11866692,FALSE,FB.g1,QG3437,IV
11866681,12556571,FALSE,FM.g2,QG3437,IV
12539941,13684776,FALSE,FB.g2,QG3437,IV
61171,1203985,FALSE,FM.g1,QG3440,IV
551333,1318983,FALSE,FM.g2,QG3440,IV
1172898,1370024,FALSE,FB.g2,QG3440,IV
1369990,1691594,FALSE,FM.g2,QG3440,IV
1596498,13684776,FALSE,FM.g1,QG3440,IV
61171,2008169,FALSE,FM.g1,QG3456,IV
1596498,11345926,FALSE,FA.g1,QG3456,IV
11345926,12627212,FALSE,FA.g2,QG3456,IV
12616788,13684776,FALSE,FM.g1,QG3456,IV
61171,1259670,FALSE,FA.g2,QG3457,IV
545752,2008169,FALSE,FA.g1,QG3457,IV
1596498,12280709,FALSE,FM.g1,QG3457,IV
12280709,13684776,FALSE,FA.g2,QG3457,IV
61171,2008169,FALSE,FA.g1,QG3458,IV
1596498,2677008,FALSE,FM.g1,QG3458,IV
2677008,13684776,FALSE,FA.g2,QG3458,IV
61171,1992847,FALSE,FM.g1,QG3459,IV
1866115,11065828,FALSE,FM.g2,QG3459,IV
11065727,11588258,FALSE,FB.g1,QG3459,IV
11588154,12218658,FALSE,FB.g2,QG3459,IV
12184663,12528452,FALSE,FM.g1,QG3459,IV
12528213,13684776,FALSE,FB.g1,QG3459,IV
61171,2102250,FALSE,FB.g2,QG3460,IV
2102250,3227417,FALSE,FM.g1,QG3460,IV
3226162,12437720,FALSE,FB.g2,QG3460,IV
12429929,13684776,FALSE,FM.g1,QG3460,IV
61171,2303215,FALSE,FM.g1,QG3463,IV
2283892,11628205,FALSE,FM.g2,QG3463,IV
2396910,12028686,FALSE,FA.g2,QG3463,IV
12028686,12328927,FALSE,FM.g1,QG3463,IV
12328927,13684776,FALSE,FM.g2,QG3463,IV
61171,1203985,FALSE,FM.g2,QG3464,IV
551333,1691594,FALSE,FM.g1,QG3464,IV
1596498,13684776,FALSE,FM.g2,QG3464,IV
61171,2008169,FALSE,FA.g1,QG3465,IV
1596498,11979298,FALSE,FM.g1,QG3465,IV
11978983,12249548,FALSE,FA.g1;FA.g2,QG3465,IV
12248067,13684776,FALSE,FM.g2,QG3465,IV
61171,727494,FALSE,FM.g2,QG3467,IV
727494,3130851,FALSE,FB.g2,QG3467,IV
3082454,11363887,FALSE,FB.g1,QG3467,IV
11362703,12446927,FALSE,FM.g1,QG3467,IV
12440628,13684776,FALSE,FB.g1,QG3467,IV
61217,1517683,FALSE,FB.g1,QG3468,IV
1505800,2404420,FALSE,FM.g1,QG3468,IV
2114271,11447983,FALSE,FB.g2,QG3468,IV
11447983,11874861,FALSE,FB.g1,QG3468,IV
11862255,13682665,FALSE,FM.g1,QG3468,IV
61171,940631,FALSE,FB.g2,QG3469,IV
940427,13684776,FALSE,FB.g1,QG3469,IV
61171,1203985,FALSE,FM.g2,QG3470,IV
551333,2008169,FALSE,FM.g1,QG3470,IV
1596564,11105169,FALSE,FA.g1,QG3470,IV
11062830,13684776,FALSE,FM.g1,QG3470,IV
61171,11631282,FALSE,FA.g2,QG3472,IV
11628304,13684776,FALSE,FA.g1,QG3472,IV
61171,2299103,FALSE,FA.g2,QG3473,IV
2141679,11337834,FALSE,FM.g1,QG3473,IV
11330779,12578880,FALSE,FM.g2,QG3473,IV
12322196,13684776,FALSE,FA.g1,QG3473,IV
61171,1259670,FALSE,FA.g1,QG3474,IV
545752,2438944,FALSE,FA.g2,QG3474,IV
1596498,10862827,FALSE,FA.g1,QG3474,IV
10788482,10990693,FALSE,FA.g2;FM.g2,QG3474,IV
10956397,13684776,FALSE,FM.g1,QG3474,IV
61171,1691594,FALSE,FM.g1,QG3477,IV
1596498,2421397,FALSE,FM.g2,QG3477,IV
2421397,11088250,FALSE,FB.g2,QG3477,IV
11077952,12270583,FALSE,FM.g1,QG3477,IV
12270583,13684776,FALSE,FB.g2,QG3477,IV
61171,1511979,FALSE,FM.g2,QG3479,IV
1511979,2879427,FALSE,FM.g1,QG3479,IV
2879427,11416262,FALSE,FA.g1,QG3479,IV
11400620,13684776,FALSE,FM.g2,QG3479,IV
61171,368925,FALSE,FM.g2,QG3480,IV
368925,865380,FALSE,FM.g1,QG3480,IV
865380,2438944,FALSE,FA.g2,QG3480,IV
1596498,11737196,FALSE,FA.g1,QG3480,IV
11668480,12578880,FALSE,FM.g2,QG3480,IV
12322196,13684776,FALSE,FA.g1,QG3480,IV
61171,723932,FALSE,FM.g2,QG3481,IV
717379,2299103,FALSE,FA.g1,QG3481,IV
2141679,13684776,FALSE,FM.g1,QG3481,IV
61171,2008169,FALSE,FM.g1,QG3483,IV
1203447,11649286,FALSE,FA.g2,QG3483,IV
11649286,13108157,FALSE,FA.g1,QG3483,IV
13108233,13551211,FALSE,FA.g2;FM.g1;FM.g2,QG3483,IV
61171,8636406,FALSE,FM.g2,QG3485,IV
8636461,11062676,FALSE,FA.g1,QG3485,IV
11045353,13684776,FALSE,FM.g1,QG3485,IV
61171,1691594,FALSE,FA.g1,QG3488,IV
1324889,2110577,FALSE,FM.g2,QG3488,IV
1992998,2440735,FALSE,FA.g2,QG3488,IV
2440735,12627212,FALSE,FM.g1,QG3488,IV
12616788,13684776,FALSE,FA.g2;FM.g2,QG3488,IV
61171,1703629,FALSE,FM.g1,QG3489,IV
1703505,1992847,FALSE,FM.g2,QG3489,IV
1866115,2299103,FALSE,FM.g1,QG3489,IV
2141679,4109003,FALSE,FA.g1,QG3489,IV
4109021,12184621,FALSE,FM.g2,QG3489,IV
11925545,13684776,FALSE,FM.g1,QG3489,IV
61171,1318983,FALSE,FM.g2,QG3491,IV
1172898,2233825,FALSE,FB.g2,QG3491,IV
2160349,2309902,FALSE,FM.g2,QG3491,IV
2305188,11102572,FALSE,FB.g1,QG3491,IV
11051726,12106164,FALSE,FM.g1,QG3491,IV
12093178,13684776,FALSE,FB.g1,QG3491,IV
61171,1203985,FALSE,FB.g2,QG3492,IV
1172898,1389875,FALSE,FM.g1,QG3492,IV
1389884,2499480,FALSE,FB.g2,QG3492,IV
2490389,2912119,FALSE,FB.g1,QG3492,IV
2870191,11866692,FALSE,FB.g2,QG3492,IV
11862694,13684776,FALSE,FM.g1,QG3492,IV
61171,751820,FALSE,FM.g1,QG3493,IV
751820,2344212,FALSE,FB.g1,QG3493,IV
2341425,2819832,FALSE,FM.g1,QG3493,IV
2819832,9122308,FALSE,FB.g1,QG3493,IV
8842454,10929556,FALSE,FM.g1,QG3493,IV
10926914,12909012,FALSE,FM.g2,QG3493,IV
12908739,13684776,FALSE,FB.g1,QG3493,IV
61171,1259670,FALSE,FA.g1,QG3494,IV
545752,1353335,FALSE,FA.g2,QG3494,IV
1334345,2438944,FALSE,FA.g1,QG3494,IV
1596498,2676303,FALSE,FA.g2,QG3494,IV
2654282,12331482,FALSE,FA.g1,QG3494,IV
12332149,13684776,FALSE,FM.g1,QG3494,IV
61171,2404637,FALSE,FM.g1,QG3495,IV
2113397,2541398,FALSE,FB.g2,QG3495,IV
2490457,11574094,FALSE,FB.g1,QG3495,IV
11564176,12559364,FALSE,FM.g1,QG3495,IV
12555135,13684776,FALSE,FB.g1,QG3495,IV
61171,1591807,FALSE,FB.g2,QG3499,IV
1591807,2110721,FALSE,FM.g2,QG3499,IV
2110721,2233825,TRUE,FB.g2&FM.g2,QG3499,IV
2160349,13684776,FALSE,FM.g2,QG3499,IV
61171,396660,FALSE,FM.g2,QG3500,IV
353246,2102250,FALSE,FB.g1,QG3500,IV
2102250,2280427,FALSE,FM.g1,QG3500,IV
2234717,11456904,FALSE,FB.g1,QG3500,IV
11454070,13684776,FALSE,FM.g1,QG3500,IV
61171,2299103,FALSE,FA.g2,QG3502,IV
2141679,12500340,FALSE,FM.g1,QG3502,IV
12485834,13684776,FALSE,FA.g1,QG3502,IV
61171,2399343,FALSE,FM.g1,QG3506,IV
2311989,3246233,FALSE,FA.g2,QG3506,IV
3246060,13684776,FALSE,FM.g1,QG3506,IV
61171,11044925,FALSE,FM.g2,QG3507,IV
10989396,11947399,FALSE,FB.g1,QG3507,IV
11947399,13684776,FALSE,FB.g2,QG3507,IV
61179,610515,FALSE,FM.g1,QG3508,IV
610674,2592002,FALSE,FB.g2,QG3508,IV
2490091,3054370,FALSE,FB.g1,QG3508,IV
3054362,11966448,FALSE,FM.g1,QG3508,IV
11881893,13684776,FALSE,FB.g2,QG3508,IV
61171,2008169,FALSE,FA.g2,QG3509,IV
1203447,2834838,FALSE,FM.g1,QG3509,IV
2745580,9815018,FALSE,FA.g1,QG3509,IV
9814947,12588367,FALSE,FA.g2,QG3509,IV
12582438,13684776,FALSE,FA.g1,QG3509,IV
61171,716295,FALSE,FM.g1,QG3510,IV
678524,2438944,FALSE,FA.g1,QG3510,IV
1596498,2676303,FALSE,FA.g2,QG3510,IV
2654282,13684776,FALSE,FA.g1,QG3510,IV
61217,1539913,FALSE,FM.g1,QG3511,IV
1462917,1599219,FALSE,FB.g2,QG3511,IV
1587094,1906103,FALSE,FB.g1,QG3511,IV
1874874,3635337,FALSE,FB.g2,QG3511,IV
3621418,12112408,FALSE,FB.g1,QG3511,IV
12112408,13682544,FALSE,FM.g2,QG3511,IV
