outdir,nCO,nHet,sizeHetall,sizeHet_het,nGoutcross,cross,N
output/panelA_N400_nGoutcross4_nloci500,21.056984267192277,54,0.8332278481012658,2.4379629629629633,4,A,400
output/panelA_N400_nGoutcross4_nloci500,20.563311194730048,51,0.8490506329113925,2.630392156862745,4,A,400
output/panelA_N400_nGoutcross4_nloci500,21.156356422420455,63,1.7373417721518989,4.357142857142858,4,A,400
output/panelA_N400_nGoutcross4_nloci500,21.205486717882998,59,0.8835443037974684,2.3661016949152542,4,A,400
output/panelA_N400_nGoutcross4_nloci500,21.31781988872218,48,0.9895569620253165,3.2572916666666667,4,A,400
output/panelA_N400_nGoutcross4_nloci500,21.089300726101364,54,1.0727848101265824,3.138888888888889,4,A,400
output/panelA_N400_nGoutcross4_nloci500,20.569315813611816,58,1.0481012658227848,2.855172413793104,4,A,400
output/panelA_N400_nGoutcross4_nloci500,21.27731875560839,55,0.9775316455696202,2.808181818181818,4,A,400
output/panelA_N400_nGoutcross4_nloci500,21.111950143488585,66,1.2256329113924052,2.934090909090909,4,A,400
output/panelA_N400_nGoutcross4_nloci500,21.160199518403854,61,1.05,2.719672131147541,4,A,400
output/panelA_N400_nGoutcross4_nloci500,21.408429101148528,65,1.1075949367088609,2.6923076923076925,4,A,400
output/panelA_N400_nGoutcross4_nloci500,21.528385599240746,70,1.4357594936708862,3.2407142857142857,4,A,400
output/panelA_N400_nGoutcross4_nloci500,20.33272058674913,71,1.353481012658228,3.0119718309859156,4,A,400
output/panelA_N400_nGoutcross4_nloci500,20.878677896214413,68,1.3965189873417723,3.244852941176471,4,A,400
output/panelA_N400_nGoutcross4_nloci500,21.342452633468884,61,1.169620253164557,3.0295081967213116,4,A,400
output/panelA_N400_nGoutcross4_nloci500,21.343144188483095,60,1.281012658227848,3.3733333333333335,4,A,400
output/panelA_N400_nGoutcross4_nloci500,21.0376302440168,59,0.9629746835443038,2.578813559322034,4,A,400
output/panelA_N400_nGoutcross4_nloci500,21.743378233933033,56,1.25,3.5267857142857144,4,A,400
output/panelA_N400_nGoutcross4_nloci500,21.098492629367456,58,1.018354430379747,2.774137931034483,4,A,400
output/panelA_N400_nGoutcross4_nloci500,20.88532985750028,64,1.2231012658227849,3.01953125,4,A,400
output/panelA_N400_nGoutcross4_nloci500,20.89335529826861,57,0.9452531645569621,2.6201754385964913,4,A,400
output/panelA_N400_nGoutcross4_nloci500,21.119464893563567,63,1.2531645569620253,3.142857142857143,4,A,400
output/panelA_N400_nGoutcross4_nloci500,20.66995383695368,67,0.844620253164557,1.9917910447761196,4,A,400
output/panelA_N400_nGoutcross4_nloci500,20.482886841892153,57,1.113607594936709,3.086842105263158,4,A,400
output/panelA_N400_nGoutcross4_nloci500,20.969194325938837,60,1.2408227848101268,3.2675,4,A,400
output/panelA_N400_nGoutcross4_nloci500,21.020109809628437,55,0.9750000000000001,2.8009090909090912,4,A,400
output/panelA_N400_nGoutcross4_nloci500,20.844917093802376,55,0.8661392405063292,2.4881818181818183,4,A,400
output/panelA_N400_nGoutcross4_nloci500,20.57518618545783,58,0.8854430379746836,2.4120689655172414,4,A,400
output/panelA_N400_nGoutcross4_nloci500,20.945032603459325,56,1.1079113924050634,3.1258928571428575,4,A,400
output/panelA_N400_nGoutcross4_nloci500,20.6788079362257,60,1.0085443037974684,2.6558333333333333,4,A,400
output/panelA_N400_nGoutcross4_nloci500,21.69397361869017,63,1.2335443037974685,3.0936507936507938,4,A,400
output/panelA_N400_nGoutcross4_nloci500,20.71540544370241,56,1.035126582278481,2.9205357142857147,4,A,400
output/panelA_N400_nGoutcross4_nloci500,21.223035971508015,62,1.2604430379746836,3.2120967741935487,4,A,400
output/panelA_N400_nGoutcross4_nloci500,20.56846251155549,54,1.3518987341772153,3.9555555555555557,4,A,400
output/panelA_N400_nGoutcross4_nloci500,21.288507110496543,73,1.2582278481012659,2.723287671232877,4,A,400
output/panelA_N400_nGoutcross4_nloci500,21.33720932823759,68,1.1009493670886077,2.5580882352941177,4,A,400
output/panelA_N400_nGoutcross4_nloci500,20.509957066142768,55,0.9468354430379747,2.72,4,A,400
output/panelA_N400_nGoutcross4_nloci500,21.10649699146447,58,0.8465189873417722,2.306034482758621,4,A,400
output/panelA_N400_nGoutcross4_nloci500,21.00911022480806,72,1.2914556962025316,2.834027777777778,4,A,400
output/panelA_N400_nGoutcross4_nloci500,20.8990525926069,69,1.3462025316455697,3.082608695652174,4,A,400
output/panelA_N400_nGoutcross4_nloci500,21.14761848792627,73,1.5072784810126583,3.2623287671232877,4,A,400
output/panelA_N400_nGoutcross4_nloci500,20.939796180066004,61,1.0873417721518988,2.816393442622951,4,A,400
output/panelA_N400_nGoutcross4_nloci500,21.55102474862858,60,1.2604430379746836,3.319166666666667,4,A,400
output/panelA_N400_nGoutcross4_nloci500,20.697808985224054,59,1.0750000000000002,2.878813559322034,4,A,400
output/panelA_N400_nGoutcross4_nloci500,20.906856450360955,52,0.8658227848101266,2.6307692307692307,4,A,400
output/panelA_N400_nGoutcross4_nloci500,20.14644795486433,62,1.3458860759493672,3.4298387096774197,4,A,400
output/panelA_N400_nGoutcross4_nloci500,21.07963129553211,62,1.1484177215189875,2.9266129032258066,4,A,400
output/panelA_N400_nGoutcross4_nloci500,20.924356388739056,57,0.9449367088607595,2.6192982456140355,4,A,400
output/panelA_N400_nGoutcross4_nloci500,21.838389084634372,65,1.2708860759493672,3.0892307692307694,4,A,400
output/panelA_N400_nGoutcross4_nloci500,21.732567811363165,65,1.154113924050633,2.8053846153846154,4,A,400
output/panelA_N400_nGoutcross5_nloci500,21.714612666824543,62,0.9525316455696203,2.42741935483871,5,A,400
output/panelA_N400_nGoutcross5_nloci500,22.321042963066244,60,1.2373417721518989,3.2583333333333337,5,A,400
output/panelA_N400_nGoutcross5_nloci500,22.03382807691078,69,1.2208860759493672,2.7956521739130435,5,A,400
output/panelA_N400_nGoutcross5_nloci500,22.13905423332753,61,1.220253164556962,3.1606557377049183,5,A,400
output/panelA_N400_nGoutcross5_nloci500,22.71466376033904,61,0.9015822784810127,2.3352459016393445,5,A,400
output/panelA_N400_nGoutcross5_nloci500,23.025621540821717,64,1.0746835443037976,2.653125,5,A,400
output/panelA_N400_nGoutcross5_nloci500,23.39367168051823,60,1.0455696202531646,2.7533333333333334,5,A,400
output/panelA_N400_nGoutcross5_nloci500,22.45979391658172,67,1.2537974683544304,2.9567164179104477,5,A,400
output/panelA_N400_nGoutcross5_nloci500,23.228793989573074,50,1.0816455696202532,3.418,5,A,400
output/panelA_N400_nGoutcross5_nloci500,22.59970145926885,60,1.0022151898734177,2.6391666666666667,5,A,400
output/panelA_N400_nGoutcross5_nloci500,21.674661271529253,67,1.143987341772152,2.6977611940298507,5,A,400
output/panelA_N400_nGoutcross5_nloci500,22.796060228884595,62,1.2610759493670887,3.213709677419355,5,A,400
output/panelA_N400_nGoutcross5_nloci500,22.624359469053868,51,0.9563291139240507,2.962745098039216,5,A,400
output/panelA_N400_nGoutcross5_nloci500,22.055365221941607,59,1.164873417721519,3.119491525423729,5,A,400
output/panelA_N400_nGoutcross5_nloci500,22.76679258388014,57,1.2965189873417722,3.593859649122807,5,A,400
output/panelA_N400_nGoutcross5_nloci500,21.882487464335668,58,0.9085443037974684,2.475,5,A,400
output/panelA_N400_nGoutcross5_nloci500,22.77235377748863,62,1.2354430379746837,3.1483870967741936,5,A,400
output/panelA_N400_nGoutcross5_nloci500,23.154075685884944,66,1.3712025316455696,3.2825757575757577,5,A,400
output/panelA_N400_nGoutcross5_nloci500,22.79519255060424,67,1.158227848101266,2.7313432835820897,5,A,400
output/panelA_N400_nGoutcross5_nloci500,22.362644469216065,63,0.9825949367088608,2.4642857142857144,5,A,400
output/panelA_N400_nGoutcross5_nloci500,22.725383755371514,66,1.2712025316455697,3.0431818181818184,5,A,400
output/panelA_N400_nGoutcross5_nloci500,22.97008450918568,58,1.254746835443038,3.418103448275862,5,A,400
output/panelA_N400_nGoutcross5_nloci500,22.423958272779608,57,0.9158227848101266,2.5385964912280703,5,A,400
output/panelA_N400_nGoutcross5_nloci500,22.167777843819035,62,1.0382911392405063,2.645967741935484,5,A,400
output/panelA_N400_nGoutcross5_nloci500,22.292519143142407,60,1.2917721518987342,3.401666666666667,5,A,400
output/panelA_N400_nGoutcross5_nloci500,22.335314260679315,55,1.0132911392405064,2.910909090909091,5,A,400
output/panelA_N400_nGoutcross5_nloci500,22.49754916178066,70,1.3098101265822786,2.9564285714285714,5,A,400
output/panelA_N400_nGoutcross5_nloci500,22.78204690004522,56,0.9724683544303798,2.7437500000000004,5,A,400
output/panelA_N400_nGoutcross5_nloci500,22.59832425638877,72,1.3465189873417722,2.954861111111111,5,A,400
output/panelA_N400_nGoutcross5_nloci500,22.224319823393262,60,1.1170886075949367,2.941666666666667,5,A,400
output/panelA_N400_nGoutcross5_nloci500,22.46234913244115,68,1.1905063291139242,2.7661764705882352,5,A,400
output/panelA_N400_nGoutcross5_nloci500,23.105619606403067,57,0.87373417721519,2.4219298245614036,5,A,400
output/panelA_N400_nGoutcross5_nloci500,22.86341239059951,59,1.3623417721518989,3.648305084745763,5,A,400
output/panelA_N400_nGoutcross5_nloci500,22.470848008411576,64,1.3661392405063293,3.3726562500000004,5,A,400
output/panelA_N400_nGoutcross5_nloci500,23.142802873125454,60,1.3113924050632912,3.4533333333333336,5,A,400
output/panelA_N400_nGoutcross5_nloci500,22.21236746290772,59,0.9718354430379748,2.602542372881356,5,A,400
output/panelA_N400_nGoutcross5_nloci500,22.67635994431999,54,0.9952531645569621,2.912037037037037,5,A,400
output/panelA_N400_nGoutcross5_nloci500,23.077747775700026,67,1.0458860759493671,2.4664179104477615,5,A,400
output/panelA_N400_nGoutcross5_nloci500,23.408102645351466,68,1.2221518987341773,2.8397058823529413,5,A,400
output/panelA_N400_nGoutcross5_nloci500,22.431520604318592,61,1.1382911392405064,2.948360655737705,5,A,400
output/panelA_N400_nGoutcross5_nloci500,22.874325137228364,67,1.2702531645569621,2.9955223880597015,5,A,400
output/panelA_N400_nGoutcross5_nloci500,23.33844233016559,63,1.2974683544303798,3.253968253968254,5,A,400
output/panelA_N400_nGoutcross5_nloci500,22.98731609601269,65,1.3303797468354432,3.2338461538461543,5,A,400
output/panelA_N400_nGoutcross5_nloci500,22.78968759793966,63,1.3525316455696204,3.3920634920634924,5,A,400
output/panelA_N400_nGoutcross5_nloci500,22.131563675074936,59,0.9117088607594938,2.4415254237288138,5,A,400
output/panelA_N400_nGoutcross5_nloci500,22.776549582279632,61,1.4060126582278483,3.6418032786885246,5,A,400
output/panelA_N400_nGoutcross5_nloci500,22.732139617611235,59,1.0806962025316456,2.8940677966101696,5,A,400
output/panelA_N400_nGoutcross5_nloci500,21.887253876517107,52,0.9835443037974684,2.9884615384615385,5,A,400
output/panelA_N400_nGoutcross5_nloci500,23.003351430729317,61,0.9531645569620254,2.4688524590163934,5,A,400
output/panelA_N400_nGoutcross5_nloci500,22.915345525597253,57,1.1993670886075951,3.3245614035087723,5,A,400
output/panelA_N400_nGoutcross6_nloci500,23.808788885167424,61,1.1253164556962025,2.914754098360656,6,A,400
output/panelA_N400_nGoutcross6_nloci500,24.27619356959904,55,1.0126582278481013,2.909090909090909,6,A,400
output/panelA_N400_nGoutcross6_nloci500,23.744899180056482,55,1.1231012658227848,3.2263636363636365,6,A,400
output/panelA_N400_nGoutcross6_nloci500,23.03202439137923,58,1.0936708860759494,2.9793103448275864,6,A,400
output/panelA_N400_nGoutcross6_nloci500,24.587926400018215,62,1.3724683544303797,3.4975806451612907,6,A,400
output/panelA_N400_nGoutcross6_nloci500,24.337366323222195,76,1.273101265822785,2.6467105263157897,6,A,400
output/panelA_N400_nGoutcross6_nloci500,24.27117419168899,74,1.7006329113924052,3.6310810810810814,6,A,400
output/panelA_N400_nGoutcross6_nloci500,23.568766836440517,67,1.210759493670886,2.855223880597015,6,A,400
output/panelA_N400_nGoutcross6_nloci500,23.466536632255437,55,0.999367088607595,2.870909090909091,6,A,400
output/panelA_N400_nGoutcross6_nloci500,24.157233271955228,63,0.9525316455696203,2.388888888888889,6,A,400
output/panelA_N400_nGoutcross6_nloci500,23.837156940085634,57,0.9487341772151899,2.6298245614035087,6,A,400
output/panelA_N400_nGoutcross6_nloci500,22.461207541508934,54,1.0632911392405064,3.111111111111111,6,A,400
output/panelA_N400_nGoutcross6_nloci500,24.36216224964399,71,1.3113924050632912,2.9183098591549297,6,A,400
output/panelA_N400_nGoutcross6_nloci500,24.304882497438882,59,1.1848101265822786,3.1728813559322036,6,A,400
output/panelA_N400_nGoutcross6_nloci500,24.610899259252285,63,1.0515822784810127,2.6373015873015873,6,A,400
output/panelA_N400_nGoutcross6_nloci500,23.819929616067135,65,1.0680379746835444,2.5961538461538463,6,A,400
output/panelA_N400_nGoutcross6_nloci500,23.43284992611608,59,1.3085443037974684,3.5042372881355934,6,A,400
output/panelA_N400_nGoutcross6_nloci500,23.407820724903655,57,0.8177215189873418,2.2666666666666666,6,A,400
output/panelA_N400_nGoutcross6_nloci500,23.656969140780337,65,1.2955696202531646,3.1492307692307695,6,A,400
output/panelA_N400_nGoutcross6_nloci500,24.200453436506567,58,1.0670886075949368,2.906896551724138,6,A,400
output/panelA_N400_nGoutcross6_nloci500,24.324449556115812,73,1.3148734177215191,2.8458904109589045,6,A,400
output/panelA_N400_nGoutcross6_nloci500,23.17008483762242,63,1.1468354430379748,2.876190476190476,6,A,400
output/panelA_N400_nGoutcross6_nloci500,23.442708272772546,60,0.8072784810126583,2.1258333333333335,6,A,400
output/panelA_N400_nGoutcross6_nloci500,24.250138961119,68,1.1563291139240506,2.686764705882353,6,A,400
output/panelA_N400_nGoutcross6_nloci500,24.4851501239058,59,1.1417721518987343,3.057627118644068,6,A,400
output/panelA_N400_nGoutcross6_nloci500,24.12100204167546,59,1.0287974683544303,2.755084745762712,6,A,400
output/panelA_N400_nGoutcross6_nloci500,23.62789313519173,62,1.0835443037974684,2.761290322580645,6,A,400
output/panelA_N400_nGoutcross6_nloci500,23.32593510248425,60,0.9658227848101266,2.5433333333333334,6,A,400
output/panelA_N400_nGoutcross6_nloci500,22.90658002350302,60,1.018987341772152,2.6833333333333336,6,A,400
output/panelA_N400_nGoutcross6_nloci500,23.72016063389019,57,0.9329113924050634,2.585964912280702,6,A,400
output/panelA_N400_nGoutcross6_nloci500,24.05737266710443,54,1.1613924050632911,3.3981481481481484,6,A,400
output/panelA_N400_nGoutcross6_nloci500,24.19299695685917,60,1.0155063291139241,2.674166666666667,6,A,400
output/panelA_N400_nGoutcross6_nloci500,24.206775516032266,74,1.8702531645569622,3.9932432432432434,6,A,400
output/panelA_N400_nGoutcross6_nloci500,23.655312043357583,64,1.14873417721519,2.8359375,6,A,400
output/panelA_N400_nGoutcross6_nloci500,23.491399718211646,64,1.245886075949367,3.0757812500000004,6,A,400
output/panelA_N400_nGoutcross6_nloci500,23.784727690407067,66,1.1901898734177216,2.8492424242424246,6,A,400
output/panelA_N400_nGoutcross6_nloci500,23.669601834514626,59,1.0911392405063292,2.922033898305085,6,A,400
output/panelA_N400_nGoutcross6_nloci500,24.446289066208138,64,1.2281645569620254,3.03203125,6,A,400
output/panelA_N400_nGoutcross6_nloci500,22.798159123939673,69,1.024367088607595,2.345652173913044,6,A,400
output/panelA_N400_nGoutcross6_nloci500,24.281121217963324,56,1.0879746835443038,3.069642857142857,6,A,400
output/panelA_N400_nGoutcross6_nloci500,23.401480503150683,54,1.0496835443037975,3.0712962962962966,6,A,400
output/panelA_N400_nGoutcross6_nloci500,24.577623929479238,65,1.0686708860759495,2.597692307692308,6,A,400
output/panelA_N400_nGoutcross6_nloci500,23.79583881051316,60,0.9300632911392406,2.4491666666666667,6,A,400
output/panelA_N400_nGoutcross6_nloci500,24.143089654999173,64,1.0151898734177216,2.50625,6,A,400
output/panelA_N400_nGoutcross6_nloci500,24.083153131989288,62,1.2613924050632912,3.2145161290322584,6,A,400
output/panelA_N400_nGoutcross6_nloci500,24.39720979953116,60,1.1148734177215192,2.9358333333333335,6,A,400
output/panelA_N400_nGoutcross6_nloci500,23.96371824437292,61,0.9705696202531646,2.5139344262295085,6,A,400
output/panelA_N400_nGoutcross6_nloci500,24.015221514415277,54,1.3661392405063293,3.9972222222222222,6,A,400
output/panelA_N400_nGoutcross6_nloci500,24.479203476217524,70,1.129746835443038,2.5500000000000003,6,A,400
output/panelA_N400_nGoutcross6_nloci500,23.61837857475646,64,0.9025316455696203,2.2281250000000004,6,A,400
output/panelA_N400_nGoutcross7_nloci500,26.323145411536615,65,1.1477848101265824,2.79,7,A,400
output/panelA_N400_nGoutcross7_nloci500,25.05698817067526,56,1.0658227848101267,3.007142857142857,7,A,400
output/panelA_N400_nGoutcross7_nloci500,25.27855919285984,72,1.2984177215189874,2.8493055555555555,7,A,400
output/panelA_N400_nGoutcross7_nloci500,25.31193411068077,55,0.9348101265822786,2.6854545454545455,7,A,400
output/panelA_N400_nGoutcross7_nloci500,25.224054055140698,52,1.0018987341772152,3.0442307692307695,7,A,400
output/panelA_N400_nGoutcross7_nloci500,25.197760532390514,72,1.1246835443037975,2.468055555555556,7,A,400
output/panelA_N400_nGoutcross7_nloci500,24.59474448174638,62,1.384493670886076,3.528225806451613,7,A,400
output/panelA_N400_nGoutcross7_nloci500,25.83701624968176,60,0.8515822784810128,2.2425,7,A,400
output/panelA_N400_nGoutcross7_nloci500,25.534941541535773,71,1.2803797468354432,2.8492957746478873,7,A,400
output/panelA_N400_nGoutcross7_nloci500,25.46672949571583,63,0.8829113924050633,2.2142857142857144,7,A,400
output/panelA_N400_nGoutcross7_nloci500,25.282443442911905,57,1.1237341772151899,3.1149122807017546,7,A,400
output/panelA_N400_nGoutcross7_nloci500,25.546882558029964,56,1.0727848101265824,3.0267857142857144,7,A,400
output/panelA_N400_nGoutcross7_nloci500,25.155591754161804,56,1.174367088607595,3.3133928571428575,7,A,400
output/panelA_N400_nGoutcross7_nloci500,25.44148664498983,60,1.4079113924050635,3.7075,7,A,400
output/panelA_N400_nGoutcross7_nloci500,24.86413340270866,58,1.0246835443037976,2.7913793103448277,7,A,400
output/panelA_N400_nGoutcross7_nloci500,25.805467632176512,55,0.8354430379746836,2.4,7,A,400
output/panelA_N400_nGoutcross7_nloci500,25.235017664199695,62,1.2382911392405065,3.1556451612903227,7,A,400
output/panelA_N400_nGoutcross7_nloci500,25.873623397979728,75,1.4047468354430381,2.9593333333333334,7,A,400
output/panelA_N400_nGoutcross7_nloci500,25.492239317864378,63,1.2110759493670886,3.0373015873015876,7,A,400
output/panelA_N400_nGoutcross7_nloci500,25.765183757839903,67,1.1265822784810127,2.656716417910448,7,A,400
output/panelA_N400_nGoutcross7_nloci500,24.722105970895537,59,1.0693037974683546,2.8635593220338986,7,A,400
output/panelA_N400_nGoutcross7_nloci500,26.168795201221265,62,1.3012658227848102,3.3161290322580648,7,A,400
output/panelA_N400_nGoutcross7_nloci500,25.57885568076651,54,0.8677215189873418,2.538888888888889,7,A,400
output/panelA_N400_nGoutcross7_nloci500,25.330460882176517,55,0.9553797468354431,2.7445454545454546,7,A,400
output/panelA_N400_nGoutcross7_nloci500,26.081683566775883,59,1.2265822784810128,3.284745762711865,7,A,400
output/panelA_N400_nGoutcross7_nloci500,25.270475623719587,57,1.2430379746835443,3.4456140350877194,7,A,400
output/panelA_N400_nGoutcross7_nloci500,25.307769778305897,67,1.1547468354430381,2.723134328358209,7,A,400
output/panelA_N400_nGoutcross7_nloci500,25.68542953396968,57,0.979746835443038,2.7157894736842105,7,A,400
output/panelA_N400_nGoutcross7_nloci500,24.968435647469843,54,1.174367088607595,3.4361111111111113,7,A,400
output/panelA_N400_nGoutcross7_nloci500,25.807106285055315,54,1.0962025316455697,3.2074074074074077,7,A,400
output/panelA_N400_nGoutcross7_nloci500,25.232600400314066,50,0.933860759493671,2.951,7,A,400
output/panelA_N400_nGoutcross7_nloci500,25.264372773391997,56,1.0560126582278482,2.9794642857142857,7,A,400
output/panelA_N400_nGoutcross7_nloci500,25.940074738644583,67,1.0924050632911393,2.576119402985075,7,A,400
output/panelA_N400_nGoutcross7_nloci500,25.396029905326984,74,1.3180379746835444,2.8141891891891895,7,A,400
output/panelA_N400_nGoutcross7_nloci500,24.943932561349513,60,0.8060126582278482,2.1225,7,A,400
output/panelA_N400_nGoutcross7_nloci500,25.71242041914154,68,1.2705696202531647,2.952205882352941,7,A,400
output/panelA_N400_nGoutcross7_nloci500,25.878058866435875,57,0.8661392405063292,2.400877192982456,7,A,400
output/panelA_N400_nGoutcross7_nloci500,25.060293936987964,58,0.964873417721519,2.6284482758620693,7,A,400
output/panelA_N400_nGoutcross7_nloci500,25.506495925237193,64,0.9787974683544304,2.41640625,7,A,400
output/panelA_N400_nGoutcross7_nloci500,25.5572435607001,57,0.9537974683544305,2.643859649122807,7,A,400
output/panelA_N400_nGoutcross7_nloci500,25.494930282214863,70,1.039240506329114,2.3457142857142856,7,A,400
output/panelA_N400_nGoutcross7_nloci500,26.36254686213164,55,1.1920886075949368,3.424545454545455,7,A,400
output/panelA_N400_nGoutcross7_nloci500,25.672347696743415,59,1.084493670886076,2.9042372881355933,7,A,400
output/panelA_N400_nGoutcross7_nloci500,25.44441259855652,58,0.904746835443038,2.464655172413793,7,A,400
output/panelA_N400_nGoutcross7_nloci500,25.37255089015334,59,1.0082278481012659,2.7,7,A,400
output/panelA_N400_nGoutcross7_nloci500,24.97577479804742,47,0.8518987341772153,2.863829787234043,7,A,400
output/panelA_N400_nGoutcross7_nloci500,24.973049426867313,63,1.1787974683544304,2.9563492063492065,7,A,400
output/panelA_N400_nGoutcross7_nloci500,25.250135988982077,66,1.3117088607594938,3.140151515151515,7,A,400
output/panelA_N400_nGoutcross7_nloci500,25.94140519788336,54,0.9487341772151899,2.775925925925926,7,A,400
output/panelA_N400_nGoutcross7_nloci500,25.597341931714407,71,1.239240506329114,2.7577464788732398,7,A,400
output/panelA_N4000_nGoutcross4_nloci500,21.197478072756653,67,1.1015822784810128,2.597761194029851,4,A,4000
output/panelA_N4000_nGoutcross4_nloci500,21.51143052920093,53,0.8382911392405064,2.499056603773585,4,A,4000
output/panelA_N4000_nGoutcross4_nloci500,21.54869385000964,59,1.04873417721519,2.8084745762711867,4,A,4000
output/panelA_N4000_nGoutcross4_nloci500,21.8343383219216,58,1.0044303797468355,2.736206896551724,4,A,4000
output/panelA_N4000_nGoutcross4_nloci500,21.43491062535076,61,1.1803797468354431,3.057377049180328,4,A,4000
output/panelA_N4000_nGoutcross4_nloci500,21.046944816565585,55,0.9762658227848102,2.8045454545454547,4,A,4000
output/panelA_N4000_nGoutcross4_nloci500,20.50826942922918,62,1.1572784810126584,2.949193548387097,4,A,4000
output/panelA_N4000_nGoutcross4_nloci500,21.074304097421628,59,1.1018987341772153,2.950847457627119,4,A,4000
output/panelA_N4000_nGoutcross4_nloci500,21.11081707441528,63,1.1810126582278482,2.961904761904762,4,A,4000
output/panelA_N4000_nGoutcross4_nloci500,22.088598013986775,70,1.3227848101265824,2.9857142857142858,4,A,4000
output/panelA_N4000_nGoutcross4_nloci500,21.182082085818603,61,1.0610759493670887,2.748360655737705,4,A,4000
output/panelA_N4000_nGoutcross4_nloci500,20.911472158640347,67,1.0787974683544304,2.5440298507462686,4,A,4000
output/panelA_N4000_nGoutcross4_nloci500,20.927981913770772,59,1.139873417721519,3.0525423728813563,4,A,4000
output/panelA_N4000_nGoutcross4_nloci500,21.79660595901448,60,1.1724683544303798,3.0875000000000004,4,A,4000
output/panelA_N4000_nGoutcross4_nloci500,21.740018978591735,70,1.2310126582278482,2.778571428571429,4,A,4000
output/panelA_N4000_nGoutcross4_nloci500,20.870372121559527,64,1.1930379746835444,2.9453125,4,A,4000
output/panelA_N4000_nGoutcross4_nloci500,21.105043959513853,58,0.8531645569620254,2.3241379310344827,4,A,4000
output/panelA_N4000_nGoutcross4_nloci500,20.678886548676186,58,1.2857594936708863,3.502586206896552,4,A,4000
output/panelA_N4000_nGoutcross4_nloci500,21.42546974279887,64,1.0132911392405064,2.5015625000000004,4,A,4000
output/panelA_N4000_nGoutcross4_nloci500,21.624173810674534,59,1.0060126582278481,2.69406779661017,4,A,4000
output/panelA_N4000_nGoutcross4_nloci500,21.52945368858233,69,1.3025316455696203,2.982608695652174,4,A,4000
output/panelA_N4000_nGoutcross4_nloci500,21.557691133031067,69,1.2091772151898734,2.768840579710145,4,A,4000
output/panelA_N4000_nGoutcross4_nloci500,21.157912813931514,48,0.9775316455696204,3.2177083333333334,4,A,4000
output/panelA_N4000_nGoutcross4_nloci500,21.4120182766337,57,1.3775316455696203,3.818421052631579,4,A,4000
output/panelA_N4000_nGoutcross4_nloci500,21.120722063250096,62,1.1075949367088609,2.8225806451612905,4,A,4000
output/panelA_N4000_nGoutcross4_nloci500,20.75806804924452,54,0.8126582278481013,2.3777777777777778,4,A,4000
output/panelA_N4000_nGoutcross4_nloci500,20.008425886466412,50,0.8686708860759494,2.745,4,A,4000
output/panelA_N4000_nGoutcross4_nloci500,21.816266540936937,68,1.4436708860759495,3.3544117647058824,4,A,4000
output/panelA_N4000_nGoutcross4_nloci500,21.111264848857907,66,1.0933544303797469,2.6174242424242427,4,A,4000
output/panelA_N4000_nGoutcross4_nloci500,20.52320568706195,51,0.6971518987341773,2.1598039215686278,4,A,4000
output/panelA_N4000_nGoutcross4_nloci500,21.83333957865707,60,1.0572784810126583,2.7841666666666667,4,A,4000
output/panelA_N4000_nGoutcross4_nloci500,20.5193877622024,51,0.7104430379746836,2.200980392156863,4,A,4000
output/panelA_N4000_nGoutcross4_nloci500,21.428148577105798,58,1.1462025316455697,3.1224137931034486,4,A,4000
output/panelA_N4000_nGoutcross4_nloci500,20.767622259328853,57,0.9613924050632912,2.6649122807017545,4,A,4000
output/panelA_N4000_nGoutcross4_nloci500,21.442905477858076,56,0.8841772151898735,2.4946428571428574,4,A,4000
output/panelA_N4000_nGoutcross4_nloci500,21.122686208711674,61,1.0984177215189874,2.845081967213115,4,A,4000
output/panelA_N4000_nGoutcross4_nloci500,21.229445778142086,62,1.224367088607595,3.1201612903225806,4,A,4000
output/panelA_N4000_nGoutcross4_nloci500,21.186800975722065,60,1.2537974683544304,3.3016666666666667,4,A,4000
output/panelA_N4000_nGoutcross4_nloci500,21.100436403597865,72,1.1946202531645571,2.621527777777778,4,A,4000
output/panelA_N4000_nGoutcross4_nloci500,21.167139371983342,68,1.514240506329114,3.5183823529411766,4,A,4000
output/panelA_N4000_nGoutcross4_nloci500,21.79433656931066,69,1.32246835443038,3.0282608695652176,4,A,4000
output/panelA_N4000_nGoutcross4_nloci500,21.28974515278839,56,1.314240506329114,3.7080357142857143,4,A,4000
output/panelA_N4000_nGoutcross4_nloci500,20.568801987879333,61,1.1348101265822785,2.9393442622950823,4,A,4000
output/panelA_N4000_nGoutcross4_nloci500,21.136684817913494,61,1.059493670886076,2.7442622950819673,4,A,4000
output/panelA_N4000_nGoutcross4_nloci500,20.960844754670234,56,0.7873417721518988,2.2214285714285715,4,A,4000
output/panelA_N4000_nGoutcross4_nloci500,21.443188919404452,69,1.039240506329114,2.3797101449275364,4,A,4000
output/panelA_N4000_nGoutcross4_nloci500,21.76598938695713,60,1.1348101265822785,2.9883333333333337,4,A,4000
output/panelA_N4000_nGoutcross4_nloci500,20.865202158380967,64,0.9908227848101266,2.44609375,4,A,4000
output/panelA_N4000_nGoutcross4_nloci500,21.90601343952607,74,1.3746835443037975,2.9351351351351354,4,A,4000
output/panelA_N4000_nGoutcross4_nloci500,20.44209530492751,54,0.8208860759493671,2.401851851851852,4,A,4000
output/panelA_N4000_nGoutcross5_nloci500,22.571061653466444,57,1.1360759493670887,3.149122807017544,5,A,4000
output/panelA_N4000_nGoutcross5_nloci500,22.34355204425451,65,1.6012658227848102,3.8923076923076927,5,A,4000
output/panelA_N4000_nGoutcross5_nloci500,22.635700938221568,59,1.07626582278481,2.882203389830509,5,A,4000
output/panelA_N4000_nGoutcross5_nloci500,22.902200235995423,50,1.1079113924050634,3.5010000000000003,5,A,4000
output/panelA_N4000_nGoutcross5_nloci500,23.07011925607724,68,1.1193037974683544,2.6007352941176474,5,A,4000
output/panelA_N4000_nGoutcross5_nloci500,22.879552981256953,62,1.1674050632911392,2.975,5,A,4000
output/panelA_N4000_nGoutcross5_nloci500,22.593580972665745,73,1.563607594936709,3.384246575342466,5,A,4000
output/panelA_N4000_nGoutcross5_nloci500,22.240274537942,52,0.9430379746835443,2.8653846153846154,5,A,4000
output/panelA_N4000_nGoutcross5_nloci500,21.98248669915173,58,0.9031645569620254,2.460344827586207,5,A,4000
output/panelA_N4000_nGoutcross5_nloci500,22.998933959390367,69,1.237974683544304,2.8347826086956522,5,A,4000
output/panelA_N4000_nGoutcross5_nloci500,22.437983618799176,62,0.9306962025316456,2.3717741935483874,5,A,4000
output/panelA_N4000_nGoutcross5_nloci500,23.07115853995921,73,1.358227848101266,2.9397260273972603,5,A,4000
output/panelA_N4000_nGoutcross5_nloci500,22.76184880655498,62,1.095253164556962,2.791129032258065,5,A,4000
output/panelA_N4000_nGoutcross5_nloci500,22.30259760535302,59,1.0367088607594936,2.776271186440678,5,A,4000
output/panelA_N4000_nGoutcross5_nloci500,21.978333659510522,58,1.0348101265822787,2.8189655172413794,5,A,4000
output/panelA_N4000_nGoutcross5_nloci500,22.186599515491523,65,1.0022151898734177,2.436153846153846,5,A,4000
output/panelA_N4000_nGoutcross5_nloci500,22.60637009189641,64,1.0471518987341772,2.5851562500000003,5,A,4000
output/panelA_N4000_nGoutcross5_nloci500,22.36238083430867,63,1.2452531645569622,3.123015873015873,5,A,4000
output/panelA_N4000_nGoutcross5_nloci500,22.352679664568587,47,0.9060126582278482,3.045744680851064,5,A,4000
output/panelA_N4000_nGoutcross5_nloci500,22.760975281533447,55,1.0458860759493671,3.004545454545455,5,A,4000
output/panelA_N4000_nGoutcross5_nloci500,22.213924115530155,66,1.2838607594936708,3.0734848484848487,5,A,4000
output/panelA_N4000_nGoutcross5_nloci500,22.809274945246493,67,1.3329113924050633,3.1432835820895524,5,A,4000
output/panelA_N4000_nGoutcross5_nloci500,22.915416103320734,58,1.1731012658227848,3.195689655172414,5,A,4000
output/panelA_N4000_nGoutcross5_nloci500,22.723852443559338,66,1.3787974683544304,3.300757575757576,5,A,4000
output/panelA_N4000_nGoutcross5_nloci500,21.894265689567703,65,1.2079113924050633,2.936153846153846,5,A,4000
output/panelA_N4000_nGoutcross5_nloci500,22.767150814996114,57,0.9968354430379748,2.7631578947368425,5,A,4000
output/panelA_N4000_nGoutcross5_nloci500,23.07056269404389,64,1.5050632911392405,3.715625,5,A,4000
output/panelA_N4000_nGoutcross5_nloci500,22.566390039832132,68,1.210126582278481,2.811764705882353,5,A,4000
output/panelA_N4000_nGoutcross5_nloci500,22.33224807749925,69,1.2139240506329114,2.7797101449275363,5,A,4000
output/panelA_N4000_nGoutcross5_nloci500,22.83764934062797,56,1.045253164556962,2.949107142857143,5,A,4000
output/panelA_N4000_nGoutcross5_nloci500,22.96645789030731,63,1.4335443037974684,3.5952380952380953,5,A,4000
output/panelA_N4000_nGoutcross5_nloci500,22.442338694034,61,1.0411392405063291,2.69672131147541,5,A,4000
output/panelA_N4000_nGoutcross5_nloci500,22.788378442423486,59,1.1063291139240508,2.9627118644067796,5,A,4000
output/panelA_N4000_nGoutcross5_nloci500,22.170316504687367,80,1.5433544303797468,3.048125,5,A,4000
output/panelA_N4000_nGoutcross5_nloci500,22.47797129077964,58,1.1525316455696204,3.1396551724137933,5,A,4000
output/panelA_N4000_nGoutcross5_nloci500,22.644284646281015,53,1.1335443037974684,3.379245283018868,5,A,4000
output/panelA_N4000_nGoutcross5_nloci500,22.5742359871077,67,1.279113924050633,3.0164179104477613,5,A,4000
output/panelA_N4000_nGoutcross5_nloci500,22.490881836729134,57,1.0651898734177216,2.9526315789473685,5,A,4000
output/panelA_N4000_nGoutcross5_nloci500,23.341150807973403,68,1.4053797468354432,3.2654411764705884,5,A,4000
output/panelA_N4000_nGoutcross5_nloci500,22.7661639228979,59,1.125,3.01271186440678,5,A,4000
output/panelA_N4000_nGoutcross5_nloci500,22.29001420409288,62,0.9148734177215191,2.331451612903226,5,A,4000
output/panelA_N4000_nGoutcross5_nloci500,23.00454547277676,61,1.4094936708860761,3.650819672131148,5,A,4000
output/panelA_N4000_nGoutcross5_nloci500,22.4313662955597,58,0.6718354430379747,1.8301724137931035,5,A,4000
output/panelA_N4000_nGoutcross5_nloci500,21.900499511405492,77,1.3639240506329116,2.7987012987012987,5,A,4000
output/panelA_N4000_nGoutcross5_nloci500,22.085101486921793,61,1.4870253164556964,3.851639344262295,5,A,4000
output/panelA_N4000_nGoutcross5_nloci500,22.964537137300916,69,1.0933544303797469,2.5036231884057973,5,A,4000
output/panelA_N4000_nGoutcross5_nloci500,22.300303062979594,68,1.4617088607594937,3.396323529411765,5,A,4000
output/panelA_N4000_nGoutcross5_nloci500,22.598732343107358,63,1.0746835443037974,2.6952380952380954,5,A,4000
output/panelA_N4000_nGoutcross5_nloci500,21.82358971446154,60,1.148101265822785,3.0233333333333334,5,A,4000
output/panelA_N4000_nGoutcross5_nloci500,21.902253096582797,69,1.1601265822784812,2.6565217391304348,5,A,4000
output/panelA_N4000_nGoutcross6_nloci500,24.31958145386688,62,1.2563291139240507,3.2016129032258065,6,A,4000
output/panelA_N4000_nGoutcross6_nloci500,24.062612292595734,62,1.0553797468354431,2.689516129032258,6,A,4000
output/panelA_N4000_nGoutcross6_nloci500,24.7569585789772,58,1.1835443037974684,3.224137931034483,6,A,4000
output/panelA_N4000_nGoutcross6_nloci500,23.452152699752382,60,1.1246835443037975,2.961666666666667,6,A,4000
output/panelA_N4000_nGoutcross6_nloci500,23.991575920401296,67,1.2294303797468356,2.8992537313432836,6,A,4000
output/panelA_N4000_nGoutcross6_nloci500,23.947132240408777,64,1.3481012658227849,3.328125,6,A,4000
output/panelA_N4000_nGoutcross6_nloci500,24.54112242473867,69,1.2632911392405064,2.892753623188406,6,A,4000
output/panelA_N4000_nGoutcross6_nloci500,24.18172192533894,70,1.3965189873417723,3.152142857142857,6,A,4000
output/panelA_N4000_nGoutcross6_nloci500,24.258371062063762,70,1.3737341772151899,3.100714285714286,6,A,4000
output/panelA_N4000_nGoutcross6_nloci500,23.48602803876624,51,0.7810126582278482,2.419607843137255,6,A,4000
output/panelA_N4000_nGoutcross6_nloci500,23.797175265511413,58,1.0262658227848103,2.795689655172414,6,A,4000
output/panelA_N4000_nGoutcross6_nloci500,23.530794083607788,52,0.665506329113924,2.0221153846153848,6,A,4000
output/panelA_N4000_nGoutcross6_nloci500,24.74063291067325,67,1.1753164556962026,2.771641791044776,6,A,4000
output/panelA_N4000_nGoutcross6_nloci500,23.981748759080727,56,1.0129746835443039,2.8580357142857142,6,A,4000
output/panelA_N4000_nGoutcross6_nloci500,23.77241824068728,69,1.3560126582278482,3.105072463768116,6,A,4000
output/panelA_N4000_nGoutcross6_nloci500,23.81311353190334,59,1.0294303797468356,2.7567796610169495,6,A,4000
output/panelA_N4000_nGoutcross6_nloci500,24.68820429656343,52,1.0436708860759494,3.1711538461538464,6,A,4000
output/panelA_N4000_nGoutcross6_nloci500,23.671481241053296,56,0.9468354430379747,2.6714285714285717,6,A,4000
output/panelA_N4000_nGoutcross6_nloci500,24.671210087661215,53,0.9610759493670886,2.8650943396226416,6,A,4000
output/panelA_N4000_nGoutcross6_nloci500,23.206313345559668,65,1.282594936708861,3.117692307692308,6,A,4000
output/panelA_N4000_nGoutcross6_nloci500,24.440975243194636,74,1.4107594936708863,3.0121621621621624,6,A,4000
output/panelA_N4000_nGoutcross6_nloci500,24.162445397739514,65,0.9718354430379748,2.3623076923076924,6,A,4000
output/panelA_N4000_nGoutcross6_nloci500,23.904694077968294,66,1.2582278481012659,3.012121212121212,6,A,4000
output/panelA_N4000_nGoutcross6_nloci500,23.54750673721069,55,0.75,2.1545454545454548,6,A,4000
output/panelA_N4000_nGoutcross6_nloci500,24.087615130062606,72,1.2439873417721519,2.729861111111111,6,A,4000
output/panelA_N4000_nGoutcross6_nloci500,23.883644687485486,67,1.169620253164557,2.7582089552238807,6,A,4000
output/panelA_N4000_nGoutcross6_nloci500,23.252703570120605,62,0.9724683544303798,2.478225806451613,6,A,4000
output/panelA_N4000_nGoutcross6_nloci500,23.430261624831324,56,0.9591772151898735,2.7062500000000003,6,A,4000
output/panelA_N4000_nGoutcross6_nloci500,23.702218266018615,56,0.835126582278481,2.35625,6,A,4000
output/panelA_N4000_nGoutcross6_nloci500,23.23936239455839,63,1.2515822784810127,3.138888888888889,6,A,4000
output/panelA_N4000_nGoutcross6_nloci500,23.677202328007546,58,1.049367088607595,2.8586206896551727,6,A,4000
output/panelA_N4000_nGoutcross6_nloci500,24.25124055327281,60,1.4000000000000001,3.686666666666667,6,A,4000
output/panelA_N4000_nGoutcross6_nloci500,24.574021970092492,61,0.9686708860759494,2.5090163934426233,6,A,4000
output/panelA_N4000_nGoutcross6_nloci500,24.049458958947124,56,1.0186708860759495,2.874107142857143,6,A,4000
output/panelA_N4000_nGoutcross6_nloci500,24.244361608430992,68,1.0218354430379748,2.374264705882353,6,A,4000
output/panelA_N4000_nGoutcross6_nloci500,24.113371585070478,55,1.1693037974683544,3.3590909090909093,6,A,4000
output/panelA_N4000_nGoutcross6_nloci500,23.91118952574419,60,1.4110759493670886,3.7158333333333333,6,A,4000
output/panelA_N4000_nGoutcross6_nloci500,23.856743539426052,51,1.008860759493671,3.1254901960784314,6,A,4000
output/panelA_N4000_nGoutcross6_nloci500,23.904227599206592,58,1.0879746835443038,2.963793103448276,6,A,4000
output/panelA_N4000_nGoutcross6_nloci500,24.407611235812016,53,1.1512658227848103,3.4320754716981137,6,A,4000
output/panelA_N4000_nGoutcross6_nloci500,23.453885700992558,57,0.9661392405063292,2.6780701754385965,6,A,4000
output/panelA_N4000_nGoutcross6_nloci500,23.742282452155063,49,1.0202531645569621,3.2897959183673473,6,A,4000
output/panelA_N4000_nGoutcross6_nloci500,24.526785241418796,65,1.2484177215189873,3.034615384615385,6,A,4000
output/panelA_N4000_nGoutcross6_nloci500,24.364615623094842,64,1.0598101265822786,2.6164062500000003,6,A,4000
output/panelA_N4000_nGoutcross6_nloci500,24.70828292433299,65,1.2933544303797468,3.143846153846154,6,A,4000
output/panelA_N4000_nGoutcross6_nloci500,24.149680517876792,60,1.393354430379747,3.669166666666667,6,A,4000
output/panelA_N4000_nGoutcross6_nloci500,24.216258480488364,60,1.2503164556962025,3.2925000000000004,6,A,4000
output/panelA_N4000_nGoutcross6_nloci500,24.439120045965048,57,1.4218354430379747,3.941228070175439,6,A,4000
output/panelA_N4000_nGoutcross6_nloci500,24.495842687778172,75,1.3306962025316456,2.8033333333333337,6,A,4000
output/panelA_N4000_nGoutcross6_nloci500,23.971219327267715,65,1.2212025316455697,2.9684615384615385,6,A,4000
output/panelA_N4000_nGoutcross7_nloci500,26.35343902164402,65,1.514873417721519,3.6823076923076927,7,A,4000
output/panelA_N4000_nGoutcross7_nloci500,26.485333097330088,60,0.8474683544303798,2.231666666666667,7,A,4000
output/panelA_N4000_nGoutcross7_nloci500,25.687997312106216,61,0.9765822784810126,2.5295081967213116,7,A,4000
output/panelA_N4000_nGoutcross7_nloci500,25.53607555626301,59,1.245253164556962,3.3347457627118646,7,A,4000
output/panelA_N4000_nGoutcross7_nloci500,25.649050204621645,62,1.2832278481012658,3.270161290322581,7,A,4000
output/panelA_N4000_nGoutcross7_nloci500,25.968211643977234,70,1.5623417721518988,3.5264285714285717,7,A,4000
output/panelA_N4000_nGoutcross7_nloci500,25.20884211330071,67,1.3389240506329114,3.1574626865671642,7,A,4000
output/panelA_N4000_nGoutcross7_nloci500,26.064337716936855,61,1.0379746835443038,2.6885245901639347,7,A,4000
output/panelA_N4000_nGoutcross7_nloci500,25.218819938389455,67,0.9927215189873418,2.341044776119403,7,A,4000
output/panelA_N4000_nGoutcross7_nloci500,25.164812894112256,53,0.9591772151898734,2.859433962264151,7,A,4000
output/panelA_N4000_nGoutcross7_nloci500,24.95406550290228,62,0.9063291139240507,2.309677419354839,7,A,4000
output/panelA_N4000_nGoutcross7_nloci500,25.932307861341872,62,0.9702531645569621,2.4725806451612904,7,A,4000
output/panelA_N4000_nGoutcross7_nloci500,24.992514132218524,59,1.429746835443038,3.8288135593220343,7,A,4000
output/panelA_N4000_nGoutcross7_nloci500,25.936342148810315,66,1.1177215189873417,2.675757575757576,7,A,4000
output/panelA_N4000_nGoutcross7_nloci500,25.76260052186701,71,1.2022151898734177,2.6753521126760567,7,A,4000
output/panelA_N4000_nGoutcross7_nloci500,25.28198507463705,50,0.9534810126582279,3.0130000000000003,7,A,4000
output/panelA_N4000_nGoutcross7_nloci500,25.625880760234345,68,1.5977848101265824,3.7125000000000004,7,A,4000
output/panelA_N4000_nGoutcross7_nloci500,27.107387537068135,67,1.3186708860759495,3.1097014925373134,7,A,4000
output/panelA_N4000_nGoutcross7_nloci500,25.86792485526663,58,1.109493670886076,3.0224137931034485,7,A,4000
output/panelA_N4000_nGoutcross7_nloci500,26.126968003310157,60,1.0981012658227849,2.8916666666666666,7,A,4000
output/panelA_N4000_nGoutcross7_nloci500,25.772006909087075,66,0.974367088607595,2.3325757575757575,7,A,4000
output/panelA_N4000_nGoutcross7_nloci500,25.6373034673342,66,1.2468354430379747,2.984848484848485,7,A,4000
output/panelA_N4000_nGoutcross7_nloci500,25.698406853060643,60,1.035126582278481,2.7258333333333336,7,A,4000
output/panelA_N4000_nGoutcross7_nloci500,25.128267363106314,55,0.9781645569620254,2.81,7,A,4000
output/panelA_N4000_nGoutcross7_nloci500,25.699507742677447,60,0.9914556962025317,2.6108333333333333,7,A,4000
output/panelA_N4000_nGoutcross7_nloci500,25.206260975372253,59,1.3085443037974684,3.5042372881355934,7,A,4000
output/panelA_N4000_nGoutcross7_nloci500,24.852327039302732,68,1.3575949367088609,3.1544117647058827,7,A,4000
output/panelA_N4000_nGoutcross7_nloci500,25.474649547290344,58,1.07626582278481,2.931896551724138,7,A,4000
output/panelA_N4000_nGoutcross7_nloci500,25.62179820856985,72,1.2664556962025317,2.779166666666667,7,A,4000
output/panelA_N4000_nGoutcross7_nloci500,26.533670935106045,63,1.0718354430379748,2.6880952380952383,7,A,4000
output/panelA_N4000_nGoutcross7_nloci500,24.94201751235686,54,1.0009493670886076,2.928703703703704,7,A,4000
output/panelA_N4000_nGoutcross7_nloci500,24.951086516351513,64,0.9768987341772153,2.4117187500000004,7,A,4000
output/panelA_N4000_nGoutcross7_nloci500,26.006106199565473,64,0.8,1.975,7,A,4000
output/panelA_N4000_nGoutcross7_nloci500,25.348923334522297,49,0.860126582278481,2.773469387755102,7,A,4000
output/panelA_N4000_nGoutcross7_nloci500,26.01735455211736,60,1.3579113924050634,3.5758333333333336,7,A,4000
output/panelA_N4000_nGoutcross7_nloci500,26.10530429597315,61,1.4123417721518987,3.6581967213114757,7,A,4000
output/panelA_N4000_nGoutcross7_nloci500,25.82412705861894,59,1.2294303797468356,3.2923728813559325,7,A,4000
output/panelA_N4000_nGoutcross7_nloci500,26.268461864825127,65,1.3386075949367089,3.253846153846154,7,A,4000
output/panelA_N4000_nGoutcross7_nloci500,25.32367475997529,59,0.960126582278481,2.571186440677966,7,A,4000
output/panelA_N4000_nGoutcross7_nloci500,25.753631294143254,72,1.4047468354430381,3.082638888888889,7,A,4000
output/panelA_N4000_nGoutcross7_nloci500,25.813935088474082,65,1.1405063291139241,2.7723076923076926,7,A,4000
output/panelA_N4000_nGoutcross7_nloci500,25.43812670503811,56,1.1069620253164558,3.123214285714286,7,A,4000
output/panelA_N4000_nGoutcross7_nloci500,25.21898242065518,66,1.2693037974683545,3.0386363636363636,7,A,4000
output/panelA_N4000_nGoutcross7_nloci500,25.960760101483338,64,1.1126582278481014,2.746875,7,A,4000
output/panelA_N4000_nGoutcross7_nloci500,25.944153964315255,67,1.1354430379746836,2.6776119402985077,7,A,4000
output/panelA_N4000_nGoutcross7_nloci500,25.83341721288095,70,1.0835443037974684,2.4457142857142857,7,A,4000
output/panelA_N4000_nGoutcross7_nloci500,25.400338973312437,63,1.0696202531645571,2.682539682539683,7,A,4000
output/panelA_N4000_nGoutcross7_nloci500,25.241402085052556,61,1.1522151898734179,2.984426229508197,7,A,4000
output/panelA_N4000_nGoutcross7_nloci500,25.64256497077416,62,1.1911392405063292,3.035483870967742,7,A,4000
output/panelA_N4000_nGoutcross7_nloci500,25.122225245357672,65,1.2091772151898734,2.9392307692307695,7,A,4000
output/panelB_N400_nGoutcross4_nloci500,23.67692606496077,69,1.3485611510791369,2.716666666666667,4,B,400
output/panelB_N400_nGoutcross4_nloci500,23.043918685525373,63,1.7161870503597123,3.786507936507937,4,B,400
output/panelB_N400_nGoutcross4_nloci500,23.071936782552037,58,1.2230215827338131,2.931034482758621,4,B,400
output/panelB_N400_nGoutcross4_nloci500,22.893319118692254,62,1.2482014388489209,2.7983870967741935,4,B,400
output/panelB_N400_nGoutcross4_nloci500,23.287372995671937,56,1.512589928057554,3.754464285714286,4,B,400
output/panelB_N400_nGoutcross4_nloci500,24.262886112831495,60,1.6248201438848922,3.764166666666667,4,B,400
output/panelB_N400_nGoutcross4_nloci500,23.01326281068856,65,1.721223021582734,3.680769230769231,4,B,400
output/panelB_N400_nGoutcross4_nloci500,23.176203284437186,48,1.1946043165467626,3.459375,4,B,400
output/panelB_N400_nGoutcross4_nloci500,23.40419711801876,52,1.1507194244604317,3.075961538461539,4,B,400
output/panelB_N400_nGoutcross4_nloci500,23.561015594901342,54,1.2996402877697844,3.3453703703703708,4,B,400
output/panelB_N400_nGoutcross4_nloci500,23.157583269082785,53,1.3474820143884894,3.5339622641509436,4,B,400
output/panelB_N400_nGoutcross4_nloci500,23.629168482216304,58,1.5032374100719426,3.602586206896552,4,B,400
output/panelB_N400_nGoutcross4_nloci500,22.540563171643164,58,1.283812949640288,3.0767241379310346,4,B,400
output/panelB_N400_nGoutcross4_nloci500,23.163363838769374,56,1.6039568345323743,3.98125,4,B,400
output/panelB_N400_nGoutcross4_nloci500,22.851774052908137,51,1.1697841726618705,3.1882352941176473,4,B,400
output/panelB_N400_nGoutcross4_nloci500,23.719362865820436,56,1.0780575539568347,2.6758928571428573,4,B,400
output/panelB_N400_nGoutcross4_nloci500,23.20014598201949,61,1.3798561151079138,3.144262295081967,4,B,400
output/panelB_N400_nGoutcross4_nloci500,23.486085099233676,69,1.5223021582733813,3.066666666666667,4,B,400
output/panelB_N400_nGoutcross4_nloci500,23.480376044334072,48,1.0737410071942446,3.109375,4,B,400
output/panelB_N400_nGoutcross4_nloci500,23.165290591617783,58,1.5,3.594827586206897,4,B,400
output/panelB_N400_nGoutcross4_nloci500,24.163210040745287,63,1.4061151079136691,3.1023809523809525,4,B,400
output/panelB_N400_nGoutcross4_nloci500,22.774836506684334,59,1.1611510791366908,2.7355932203389832,4,B,400
output/panelB_N400_nGoutcross4_nloci500,23.850652426630703,65,1.7223021582733813,3.683076923076923,4,B,400
output/panelB_N400_nGoutcross4_nloci500,23.431046187839694,63,1.3413669064748202,2.9595238095238097,4,B,400
output/panelB_N400_nGoutcross4_nloci500,23.424665412886608,53,1.5262589928057555,4.002830188679246,4,B,400
output/panelB_N400_nGoutcross4_nloci500,22.978248057401174,50,1.5449640287769786,4.295,4,B,400
output/panelB_N400_nGoutcross4_nloci500,23.280875631466493,55,1.808273381294964,4.57,4,B,400
output/panelB_N400_nGoutcross4_nloci500,23.199055506588213,57,1.4219424460431656,3.467543859649123,4,B,400
output/panelB_N400_nGoutcross4_nloci500,23.98905842726359,61,1.4107913669064749,3.2147540983606557,4,B,400
output/panelB_N400_nGoutcross4_nloci500,23.379830094692576,46,1.3607913669064748,4.11195652173913,4,B,400
output/panelB_N400_nGoutcross4_nloci500,23.11555364104706,60,1.4140287769784174,3.2758333333333334,4,B,400
output/panelB_N400_nGoutcross4_nloci500,23.821416070832328,50,1.0291366906474821,2.861,4,B,400
output/panelB_N400_nGoutcross4_nloci500,23.543985972755944,63,1.469064748201439,3.2412698412698413,4,B,400
output/panelB_N400_nGoutcross4_nloci500,23.447551827576113,59,1.3496402877697842,3.1796610169491526,4,B,400
output/panelB_N400_nGoutcross4_nloci500,23.145665400580686,57,1.2877697841726619,3.1403508771929824,4,B,400
output/panelB_N400_nGoutcross4_nloci500,22.811074982429897,59,1.252517985611511,2.950847457627119,4,B,400
output/panelB_N400_nGoutcross4_nloci500,23.223040085378464,56,1.3550359712230216,3.3633928571428573,4,B,400
output/panelB_N400_nGoutcross4_nloci500,23.27547190678656,65,1.2244604316546763,2.6184615384615384,4,B,400
output/panelB_N400_nGoutcross4_nloci500,23.62579722389371,59,1.5496402877697844,3.650847457627119,4,B,400
output/panelB_N400_nGoutcross4_nloci500,23.846385918028385,57,1.3528776978417267,3.299122807017544,4,B,400
output/panelB_N400_nGoutcross4_nloci500,22.954146248357635,53,1.4330935251798562,3.758490566037736,4,B,400
output/panelB_N400_nGoutcross4_nloci500,23.15404942928876,65,1.5194244604316547,3.2492307692307696,4,B,400
output/panelB_N400_nGoutcross4_nloci500,23.201862478543465,60,1.460431654676259,3.3833333333333337,4,B,400
output/panelB_N400_nGoutcross4_nloci500,23.25616768120671,53,1.3748201438848922,3.6056603773584905,4,B,400
output/panelB_N400_nGoutcross4_nloci500,23.25273788588205,63,1.4507194244604318,3.200793650793651,4,B,400
output/panelB_N400_nGoutcross4_nloci500,24.133333083309402,66,1.6589928057553958,3.493939393939394,4,B,400
output/panelB_N400_nGoutcross4_nloci500,23.863388888814523,64,1.4658273381294964,3.18359375,4,B,400
output/panelB_N400_nGoutcross4_nloci500,23.21276480296174,50,1.1733812949640288,3.262,4,B,400
output/panelB_N400_nGoutcross4_nloci500,23.504654732023056,46,1.1758992805755397,3.5532608695652175,4,B,400
output/panelB_N400_nGoutcross4_nloci500,23.972310954955514,53,1.2136690647482016,3.1830188679245284,4,B,400
output/panelB_N400_nGoutcross5_nloci500,25.41912872204843,61,1.2381294964028777,2.821311475409836,5,B,400
output/panelB_N400_nGoutcross5_nloci500,25.320468458715826,56,1.510431654676259,3.749107142857143,5,B,400
output/panelB_N400_nGoutcross5_nloci500,24.710511285774675,58,1.6597122302158274,3.977586206896552,5,B,400
output/panelB_N400_nGoutcross5_nloci500,24.310194866459838,53,1.3151079136690649,3.449056603773585,5,B,400
output/panelB_N400_nGoutcross5_nloci500,25.714846481193504,57,1.5136690647482016,3.691228070175439,5,B,400
output/panelB_N400_nGoutcross5_nloci500,24.25537086212612,51,1.170863309352518,3.1911764705882355,5,B,400
output/panelB_N400_nGoutcross5_nloci500,23.71239846936318,47,1.0431654676258992,3.0851063829787235,5,B,400
output/panelB_N400_nGoutcross5_nloci500,25.468760577774024,56,1.5205035971223022,3.7741071428571433,5,B,400
output/panelB_N400_nGoutcross5_nloci500,25.478542691473606,55,1.4061151079136691,3.5536363636363637,5,B,400
output/panelB_N400_nGoutcross5_nloci500,25.33278429420205,53,1.2266187050359714,3.216981132075472,5,B,400
output/panelB_N400_nGoutcross5_nloci500,24.964765929422096,52,1.210431654676259,3.2355769230769234,5,B,400
output/panelB_N400_nGoutcross5_nloci500,24.957027810059557,61,1.443884892086331,3.29016393442623,5,B,400
output/panelB_N400_nGoutcross5_nloci500,25.855412143601402,51,1.1967625899280576,3.2617647058823533,5,B,400
output/panelB_N400_nGoutcross5_nloci500,24.931242308541858,59,1.3370503597122303,3.1500000000000004,5,B,400
output/panelB_N400_nGoutcross5_nloci500,24.622311057385794,52,1.4158273381294966,3.784615384615385,5,B,400
output/panelB_N400_nGoutcross5_nloci500,25.03557480656155,59,1.396043165467626,3.288983050847458,5,B,400
output/panelB_N400_nGoutcross5_nloci500,26.289965541651643,63,1.5068345323741008,3.324603174603175,5,B,400
output/panelB_N400_nGoutcross5_nloci500,23.735243068852856,63,0.8535971223021583,1.8833333333333335,5,B,400
output/panelB_N400_nGoutcross5_nloci500,25.137527746544198,58,1.523021582733813,3.6500000000000004,5,B,400
output/panelB_N400_nGoutcross5_nloci500,25.20443999970854,58,1.193884892086331,2.861206896551724,5,B,400
output/panelB_N400_nGoutcross5_nloci500,25.436692385425747,56,1.6104316546762591,3.997321428571429,5,B,400
output/panelB_N400_nGoutcross5_nloci500,24.40921089699767,50,0.8503597122302159,2.3640000000000003,5,B,400
output/panelB_N400_nGoutcross5_nloci500,24.986178089365275,64,1.7989208633093525,3.90703125,5,B,400
output/panelB_N400_nGoutcross5_nloci500,24.486246990592075,57,1.3039568345323742,3.179824561403509,5,B,400
output/panelB_N400_nGoutcross5_nloci500,24.431308156435005,50,0.8327338129496403,2.315,5,B,400
output/panelB_N400_nGoutcross5_nloci500,24.986852080057524,58,1.448201438848921,3.4706896551724142,5,B,400
output/panelB_N400_nGoutcross5_nloci500,24.157975496408206,56,1.362589928057554,3.382142857142857,5,B,400
output/panelB_N400_nGoutcross5_nloci500,24.871284788735878,57,1.3492805755395685,3.290350877192983,5,B,400
output/panelB_N400_nGoutcross5_nloci500,24.952020129180582,59,1.6255395683453238,3.8296610169491525,5,B,400
output/panelB_N400_nGoutcross5_nloci500,24.755486232501905,51,1.3848920863309353,3.774509803921569,5,B,400
output/panelB_N400_nGoutcross5_nloci500,24.435425913282096,56,1.6366906474820144,4.0625,5,B,400
output/panelB_N400_nGoutcross5_nloci500,25.193310171434202,65,1.7039568345323741,3.643846153846154,5,B,400
output/panelB_N400_nGoutcross5_nloci500,24.95183240993695,55,1.5971223021582734,4.036363636363637,5,B,400
output/panelB_N400_nGoutcross5_nloci500,24.701124551255774,57,1.35863309352518,3.3131578947368423,5,B,400
output/panelB_N400_nGoutcross5_nloci500,25.05044634808887,60,1.4733812949640288,3.4133333333333336,5,B,400
output/panelB_N400_nGoutcross5_nloci500,25.01277799285186,59,1.2223021582733813,2.8796610169491528,5,B,400
output/panelB_N400_nGoutcross5_nloci500,24.628763529245667,47,1.0071942446043167,2.9787234042553195,5,B,400
output/panelB_N400_nGoutcross5_nloci500,25.61480657168602,64,1.843884892086331,4.0046875,5,B,400
output/panelB_N400_nGoutcross5_nloci500,25.257492220563197,67,1.4115107913669065,2.928358208955224,5,B,400
output/panelB_N400_nGoutcross5_nloci500,25.25168030921571,61,1.3629496402877699,3.105737704918033,5,B,400
output/panelB_N400_nGoutcross5_nloci500,25.134763021429762,50,1.008273381294964,2.8030000000000004,5,B,400
output/panelB_N400_nGoutcross5_nloci500,24.929036394582667,63,1.5467625899280577,3.412698412698413,5,B,400
output/panelB_N400_nGoutcross5_nloci500,24.71777520859635,68,1.4823741007194244,3.0301470588235295,5,B,400
output/panelB_N400_nGoutcross5_nloci500,25.610822384428225,48,1.0424460431654676,3.0187500000000003,5,B,400
output/panelB_N400_nGoutcross5_nloci500,25.25893681313345,61,1.3435251798561152,3.0614754098360657,5,B,400
output/panelB_N400_nGoutcross5_nloci500,24.807516877215498,59,1.4899280575539569,3.510169491525424,5,B,400
output/panelB_N400_nGoutcross5_nloci500,25.03544526244107,57,1.1525179856115109,2.810526315789474,5,B,400
output/panelB_N400_nGoutcross5_nloci500,24.48366232305164,50,1.4615107913669065,4.063000000000001,5,B,400
output/panelB_N400_nGoutcross5_nloci500,25.296881490712718,57,1.485611510791367,3.62280701754386,5,B,400
output/panelB_N400_nGoutcross5_nloci500,25.023740167348215,62,1.4424460431654678,3.2338709677419355,5,B,400
output/panelB_N400_nGoutcross6_nloci500,28.274360083639774,60,1.5068345323741008,3.4908333333333337,6,B,400
output/panelB_N400_nGoutcross6_nloci500,27.600636380378845,68,1.2118705035971225,2.4772058823529415,6,B,400
output/panelB_N400_nGoutcross6_nloci500,26.396914899898043,62,1.7366906474820145,3.893548387096774,6,B,400
output/panelB_N400_nGoutcross6_nloci500,26.622202911983933,44,1.1726618705035972,3.7045454545454546,6,B,400
output/panelB_N400_nGoutcross6_nloci500,26.56792655147173,52,1.3607913669064748,3.6375,6,B,400
output/panelB_N400_nGoutcross6_nloci500,26.95698253412533,54,0.9205035971223022,2.3694444444444445,6,B,400
output/panelB_N400_nGoutcross6_nloci500,26.446668805466576,63,1.4949640287769785,3.2984126984126987,6,B,400
output/panelB_N400_nGoutcross6_nloci500,25.866373036772245,62,1.4115107913669065,3.164516129032258,6,B,400
output/panelB_N400_nGoutcross6_nloci500,27.974837036547566,54,1.3201438848920863,3.3981481481481484,6,B,400
output/panelB_N400_nGoutcross6_nloci500,26.63384782088164,60,1.2715827338129497,2.9458333333333333,6,B,400
output/panelB_N400_nGoutcross6_nloci500,26.541586120786935,61,1.596043165467626,3.6368852459016394,6,B,400
output/panelB_N400_nGoutcross6_nloci500,25.919419420519638,60,1.5201438848920865,3.521666666666667,6,B,400
output/panelB_N400_nGoutcross6_nloci500,26.967405955321556,62,1.6287769784172663,3.6516129032258067,6,B,400
output/panelB_N400_nGoutcross6_nloci500,26.83916974217093,60,1.3633093525179856,3.1583333333333337,6,B,400
output/panelB_N400_nGoutcross6_nloci500,26.608624813239192,55,1.3273381294964028,3.354545454545455,6,B,400
output/panelB_N400_nGoutcross6_nloci500,26.38318895687822,60,1.597841726618705,3.7016666666666667,6,B,400
output/panelB_N400_nGoutcross6_nloci500,26.430515505365072,58,1.5874100719424462,3.8043103448275866,6,B,400
output/panelB_N400_nGoutcross6_nloci500,25.88522764301602,51,1.0967625899280575,2.98921568627451,6,B,400
output/panelB_N400_nGoutcross6_nloci500,27.14084604948125,57,1.2287769784172662,2.9964912280701754,6,B,400
output/panelB_N400_nGoutcross6_nloci500,27.51748476774854,54,0.996043165467626,2.563888888888889,6,B,400
output/panelB_N400_nGoutcross6_nloci500,25.83800230382292,60,1.5075539568345324,3.4925,6,B,400
output/panelB_N400_nGoutcross6_nloci500,27.200539058960498,55,1.1323741007194246,2.861818181818182,6,B,400
output/panelB_N400_nGoutcross6_nloci500,25.621960876584005,56,1.0276978417266187,2.5508928571428573,6,B,400
output/panelB_N400_nGoutcross6_nloci500,26.490209676937358,65,1.6366906474820144,3.5,6,B,400
output/panelB_N400_nGoutcross6_nloci500,26.754508372692143,45,1.0262589928057555,3.1700000000000004,6,B,400
output/panelB_N400_nGoutcross6_nloci500,26.54872649516232,64,1.4158273381294966,3.075,6,B,400
output/panelB_N400_nGoutcross6_nloci500,25.992560554034213,47,0.9158273381294965,2.7085106382978723,6,B,400
output/panelB_N400_nGoutcross6_nloci500,27.625692985042335,65,1.7956834532374102,3.8400000000000003,6,B,400
output/panelB_N400_nGoutcross6_nloci500,25.8751918981899,52,1.383453237410072,3.6980769230769233,6,B,400
output/panelB_N400_nGoutcross6_nloci500,26.21932796658023,50,1.1964028776978417,3.326,6,B,400
output/panelB_N400_nGoutcross6_nloci500,26.622008090885114,52,1.1053956834532375,2.9548076923076927,6,B,400
output/panelB_N400_nGoutcross6_nloci500,26.0186928786113,54,1.3827338129496405,3.5592592592592593,6,B,400
output/panelB_N400_nGoutcross6_nloci500,26.58898928237327,64,1.587769784172662,3.4484375000000003,6,B,400
output/panelB_N400_nGoutcross6_nloci500,27.018797315683408,75,1.7705035971223022,3.2813333333333334,6,B,400
output/panelB_N400_nGoutcross6_nloci500,26.294795690482008,63,1.3287769784172663,2.931746031746032,6,B,400
output/panelB_N400_nGoutcross6_nloci500,26.552192525241466,52,1.3935251798561152,3.725,6,B,400
output/panelB_N400_nGoutcross6_nloci500,26.69455473387079,55,1.4701438848920865,3.715454545454546,6,B,400
output/panelB_N400_nGoutcross6_nloci500,26.96267091483537,54,1.4715827338129497,3.787962962962963,6,B,400
output/panelB_N400_nGoutcross6_nloci500,26.52848130016419,56,1.146043165467626,2.8446428571428575,6,B,400
output/panelB_N400_nGoutcross6_nloci500,26.496821501451073,56,1.35431654676259,3.3616071428571432,6,B,400
output/panelB_N400_nGoutcross6_nloci500,27.852638821535287,66,1.643884892086331,3.4621212121212124,6,B,400
output/panelB_N400_nGoutcross6_nloci500,26.86145658411466,63,1.1068345323741007,2.4420634920634923,6,B,400
output/panelB_N400_nGoutcross6_nloci500,26.40320339691791,57,1.3600719424460432,3.316666666666667,6,B,400
output/panelB_N400_nGoutcross6_nloci500,26.52010141890037,56,1.153956834532374,2.8642857142857143,6,B,400
output/panelB_N400_nGoutcross6_nloci500,26.87907711131942,60,1.3053956834532374,3.024166666666667,6,B,400
output/panelB_N400_nGoutcross6_nloci500,26.908878486426968,59,1.3589928057553957,3.2016949152542376,6,B,400
output/panelB_N400_nGoutcross6_nloci500,26.235535070521056,61,1.541726618705036,3.513114754098361,6,B,400
output/panelB_N400_nGoutcross6_nloci500,26.505853779504818,45,0.9679856115107914,2.99,6,B,400
output/panelB_N400_nGoutcross6_nloci500,25.72051959596171,57,1.3546762589928059,3.303508771929825,6,B,400
output/panelB_N400_nGoutcross6_nloci500,26.706489084887806,49,1.0971223021582734,3.112244897959184,6,B,400
output/panelB_N400_nGoutcross7_nloci500,26.672744477834744,47,1.0794964028776979,3.192553191489362,7,B,400
output/panelB_N400_nGoutcross7_nloci500,29.190547164761288,59,1.8388489208633094,4.332203389830509,7,B,400
output/panelB_N400_nGoutcross7_nloci500,29.058031270855583,67,1.6949640287769785,3.5164179104477613,7,B,400
output/panelB_N400_nGoutcross7_nloci500,28.056131698893505,56,1.5151079136690648,3.760714285714286,7,B,400
output/panelB_N400_nGoutcross7_nloci500,28.73070501161749,57,1.6183453237410073,3.9464912280701756,7,B,400
output/panelB_N400_nGoutcross7_nloci500,28.305006575738695,47,1.2147482014388489,3.592553191489362,7,B,400
output/panelB_N400_nGoutcross7_nloci500,27.95800391000843,47,1.1298561151079138,3.341489361702128,7,B,400
output/panelB_N400_nGoutcross7_nloci500,27.621771264539728,54,1.1352517985611512,2.9222222222222225,7,B,400
output/panelB_N400_nGoutcross7_nloci500,27.80367367895342,51,1.356474820143885,3.697058823529412,7,B,400
output/panelB_N400_nGoutcross7_nloci500,28.272584524179408,60,1.5485611510791368,3.5875000000000004,7,B,400
output/panelB_N400_nGoutcross7_nloci500,28.510016158501674,53,1.2122302158273381,3.179245283018868,7,B,400
output/panelB_N400_nGoutcross7_nloci500,28.618531096665848,53,1.0298561151079137,2.7009433962264153,7,B,400
output/panelB_N400_nGoutcross7_nloci500,28.709424296569875,68,1.573021582733813,3.2154411764705886,7,B,400
output/panelB_N400_nGoutcross7_nloci500,28.455456638034057,60,1.4924460431654678,3.4575,7,B,400
output/panelB_N400_nGoutcross7_nloci500,28.733971379526114,61,1.2931654676258995,2.94672131147541,7,B,400
output/panelB_N400_nGoutcross7_nloci500,29.144828159211762,65,1.2446043165467626,2.661538461538462,7,B,400
output/panelB_N400_nGoutcross7_nloci500,28.611196733377067,68,1.35,2.759558823529412,7,B,400
output/panelB_N400_nGoutcross7_nloci500,28.60098372262756,59,1.4381294964028777,3.388135593220339,7,B,400
output/panelB_N400_nGoutcross7_nloci500,28.46974870006985,62,1.3809352517985611,3.095967741935484,7,B,400
output/panelB_N400_nGoutcross7_nloci500,28.58738545444353,63,1.2140287769784173,2.678571428571429,7,B,400
output/panelB_N400_nGoutcross7_nloci500,28.16145669394516,58,1.3079136690647484,3.13448275862069,7,B,400
output/panelB_N400_nGoutcross7_nloci500,28.21256270102661,63,1.2003597122302159,2.6484126984126988,7,B,400
output/panelB_N400_nGoutcross7_nloci500,28.559836282169652,61,1.4061151079136691,3.204098360655738,7,B,400
output/panelB_N400_nGoutcross7_nloci500,28.101045824921187,61,1.3838129496402878,3.1532786885245905,7,B,400
output/panelB_N400_nGoutcross7_nloci500,29.100513629616582,57,1.2870503597122303,3.1385964912280704,7,B,400
output/panelB_N400_nGoutcross7_nloci500,27.78042206966692,55,1.4194244604316548,3.5872727272727274,7,B,400
output/panelB_N400_nGoutcross7_nloci500,27.966640991468097,55,1.0636690647482014,2.6881818181818184,7,B,400
output/panelB_N400_nGoutcross7_nloci500,29.300417829750533,67,1.5805755395683454,3.2791044776119405,7,B,400
output/panelB_N400_nGoutcross7_nloci500,28.721757097925472,67,1.314388489208633,2.726865671641791,7,B,400
output/panelB_N400_nGoutcross7_nloci500,29.046606573705134,58,1.406474820143885,3.370689655172414,7,B,400
output/panelB_N400_nGoutcross7_nloci500,28.13794478883502,56,1.3446043165467627,3.3375000000000004,7,B,400
output/panelB_N400_nGoutcross7_nloci500,28.697291468339984,72,1.856474820143885,3.584027777777778,7,B,400
output/panelB_N400_nGoutcross7_nloci500,28.72846170971976,58,1.6172661870503597,3.8758620689655174,7,B,400
output/panelB_N400_nGoutcross7_nloci500,28.142792415808177,61,1.393884892086331,3.1762295081967213,7,B,400
output/panelB_N400_nGoutcross7_nloci500,28.53257242915151,62,1.4611510791366906,3.2758064516129033,7,B,400
output/panelB_N400_nGoutcross7_nloci500,27.898782120531664,63,1.3100719424460432,2.890476190476191,7,B,400
output/panelB_N400_nGoutcross7_nloci500,28.042482170077434,52,1.2561151079136692,3.3576923076923078,7,B,400
output/panelB_N400_nGoutcross7_nloci500,28.129058672269046,53,1.0838129496402877,2.8424528301886793,7,B,400
output/panelB_N400_nGoutcross7_nloci500,28.45981274009672,61,1.5039568345323742,3.4270491803278693,7,B,400
output/panelB_N400_nGoutcross7_nloci500,28.422862852184835,61,1.19568345323741,2.7245901639344265,7,B,400
output/panelB_N400_nGoutcross7_nloci500,27.35063465129293,48,1.2341726618705036,3.5739583333333336,7,B,400
output/panelB_N400_nGoutcross7_nloci500,28.121981432277515,61,1.4154676258992807,3.225409836065574,7,B,400
output/panelB_N400_nGoutcross7_nloci500,28.52530693784776,69,1.462589928057554,2.9463768115942033,7,B,400
output/panelB_N400_nGoutcross7_nloci500,29.010099277927942,55,1.6838129496402878,4.255454545454546,7,B,400
output/panelB_N400_nGoutcross7_nloci500,28.639277812587874,58,1.5553956834532374,3.727586206896552,7,B,400
output/panelB_N400_nGoutcross7_nloci500,28.200460443597372,58,1.2287769784172662,2.944827586206897,7,B,400
output/panelB_N400_nGoutcross7_nloci500,28.554786179399734,54,1.1381294964028776,2.9296296296296296,7,B,400
output/panelB_N400_nGoutcross7_nloci500,28.089700050472278,59,1.1618705035971224,2.7372881355932206,7,B,400
output/panelB_N400_nGoutcross7_nloci500,28.41940141357241,56,1.1780575539568345,2.9241071428571432,7,B,400
output/panelB_N400_nGoutcross7_nloci500,28.55132972810601,60,1.742086330935252,4.035833333333334,7,B,400
output/panelB_N4000_nGoutcross4_nloci500,23.502367459961423,58,1.2643884892086332,3.0301724137931036,4,B,4000
output/panelB_N4000_nGoutcross4_nloci500,23.742124491020366,60,1.4309352517985612,3.315,4,B,4000
output/panelB_N4000_nGoutcross4_nloci500,23.397693708761384,67,1.3510791366906476,2.8029850746268656,4,B,4000
output/panelB_N4000_nGoutcross4_nloci500,22.718925954220072,60,1.2841726618705036,2.975,4,B,4000
output/panelB_N4000_nGoutcross4_nloci500,23.206173853714485,56,1.4550359712230216,3.6116071428571432,4,B,4000
output/panelB_N4000_nGoutcross4_nloci500,22.746232660006743,51,0.8964028776978418,2.443137254901961,4,B,4000
output/panelB_N4000_nGoutcross4_nloci500,22.762261495847767,54,1.15431654676259,2.9712962962962965,4,B,4000
output/panelB_N4000_nGoutcross4_nloci500,23.232026793164692,62,1.5776978417266188,3.5370967741935484,4,B,4000
output/panelB_N4000_nGoutcross4_nloci500,23.045051386410844,60,1.4517985611510793,3.3633333333333337,4,B,4000
output/panelB_N4000_nGoutcross4_nloci500,23.25282960505942,62,1.2859712230215827,2.8830645161290325,4,B,4000
output/panelB_N4000_nGoutcross4_nloci500,22.7812804449565,54,1.2068345323741008,3.1064814814814814,4,B,4000
output/panelB_N4000_nGoutcross4_nloci500,23.388744669562236,53,1.1079136690647482,2.905660377358491,4,B,4000
output/panelB_N4000_nGoutcross4_nloci500,23.885274741187168,52,1.233453237410072,3.2971153846153847,4,B,4000
output/panelB_N4000_nGoutcross4_nloci500,23.191966958021887,56,1.4705035971223022,3.6500000000000004,4,B,4000
output/panelB_N4000_nGoutcross4_nloci500,23.22414284260085,57,1.2046762589928057,2.9377192982456144,4,B,4000
output/panelB_N4000_nGoutcross4_nloci500,22.88676418568256,56,1.1420863309352518,2.834821428571429,4,B,4000
output/panelB_N4000_nGoutcross4_nloci500,23.020464833615584,60,1.6111510791366908,3.7325000000000004,4,B,4000
output/panelB_N4000_nGoutcross4_nloci500,23.872803866926034,61,1.1492805755395685,2.6188524590163937,4,B,4000
output/panelB_N4000_nGoutcross4_nloci500,23.114143457276583,59,1.583812949640288,3.7313559322033902,4,B,4000
output/panelB_N4000_nGoutcross4_nloci500,23.981081647572765,61,1.4151079136690647,3.2245901639344265,4,B,4000
output/panelB_N4000_nGoutcross4_nloci500,23.29269577556327,65,1.552158273381295,3.3192307692307694,4,B,4000
output/panelB_N4000_nGoutcross4_nloci500,23.957046840932193,57,1.3115107913669066,3.198245614035088,4,B,4000
output/panelB_N4000_nGoutcross4_nloci500,23.9552652773583,47,1.019064748201439,3.0138297872340427,4,B,4000
output/panelB_N4000_nGoutcross4_nloci500,24.084635461491953,56,1.0996402877697842,2.729464285714286,4,B,4000
output/panelB_N4000_nGoutcross4_nloci500,22.8321922432885,68,1.518705035971223,3.1044117647058824,4,B,4000
output/panelB_N4000_nGoutcross4_nloci500,23.654757903359908,57,1.3053956834532374,3.1833333333333336,4,B,4000
output/panelB_N4000_nGoutcross4_nloci500,23.916259732406882,60,1.6330935251798562,3.7833333333333337,4,B,4000
output/panelB_N4000_nGoutcross4_nloci500,22.365716247687843,53,1.2629496402877698,3.3122641509433963,4,B,4000
output/panelB_N4000_nGoutcross4_nloci500,23.213048285840436,60,1.3424460431654677,3.1100000000000003,4,B,4000
output/panelB_N4000_nGoutcross4_nloci500,23.73480421366995,60,1.2762589928057555,2.956666666666667,4,B,4000
output/panelB_N4000_nGoutcross4_nloci500,22.729147453059596,54,1.0715827338129498,2.7583333333333333,4,B,4000
output/panelB_N4000_nGoutcross4_nloci500,23.49691840113593,53,1.0780575539568347,2.827358490566038,4,B,4000
output/panelB_N4000_nGoutcross4_nloci500,23.40433912827166,55,1.4744604316546763,3.7263636363636365,4,B,4000
output/panelB_N4000_nGoutcross4_nloci500,23.148707650558396,52,1.00431654676259,2.684615384615385,4,B,4000
output/panelB_N4000_nGoutcross4_nloci500,22.73853646423564,50,0.9625899280575541,2.676,4,B,4000
output/panelB_N4000_nGoutcross4_nloci500,23.20140677576108,61,1.5330935251798563,3.4934426229508198,4,B,4000
output/panelB_N4000_nGoutcross4_nloci500,23.49373145230829,61,1.4636690647482016,3.3352459016393445,4,B,4000
output/panelB_N4000_nGoutcross4_nloci500,23.14541534500037,61,1.4057553956834534,3.2032786885245903,4,B,4000
output/panelB_N4000_nGoutcross4_nloci500,23.42251472735545,54,1.1974820143884892,3.0824074074074077,4,B,4000
output/panelB_N4000_nGoutcross4_nloci500,23.589840931895342,50,1.1370503597122303,3.161,4,B,4000
output/panelB_N4000_nGoutcross4_nloci500,23.760957214682882,58,1.1658273381294966,2.7939655172413795,4,B,4000
output/panelB_N4000_nGoutcross4_nloci500,22.782316186552187,56,1.1679856115107914,2.899107142857143,4,B,4000
output/panelB_N4000_nGoutcross4_nloci500,22.830647796753112,49,0.92913669064748206,2.6357142857142857,4,B,4000
output/panelB_N4000_nGoutcross4_nloci500,24.290486630452993,59,1.4035971223021584,3.3067796610169493,4,B,4000
output/panelB_N4000_nGoutcross4_nloci500,23.794290527803923,56,1.0866906474820144,2.6973214285714286,4,B,4000
output/panelB_N4000_nGoutcross4_nloci500,23.303426835184453,54,1.3280575539568347,3.4185185185185185,4,B,4000
output/panelB_N4000_nGoutcross4_nloci500,23.630234487773038,65,1.635611510791367,3.497692307692308,4,B,4000
output/panelB_N4000_nGoutcross4_nloci500,23.338690878260167,66,1.2557553956834533,2.64469696969697,4,B,4000
output/panelB_N4000_nGoutcross4_nloci500,23.678033931497556,58,1.389568345323741,3.3301724137931035,4,B,4000
output/panelB_N4000_nGoutcross4_nloci500,23.333661192064255,62,1.398201438848921,3.134677419354839,4,B,4000
output/panelB_N4000_nGoutcross5_nloci500,25.329119016078877,54,1.3629496402877699,3.5083333333333337,5,B,4000
output/panelB_N4000_nGoutcross5_nloci500,25.056341734996906,55,1.0661870503597122,2.694545454545455,5,B,4000
output/panelB_N4000_nGoutcross5_nloci500,25.074677460127393,51,0.960431654676259,2.6176470588235294,5,B,4000
output/panelB_N4000_nGoutcross5_nloci500,25.16163928140446,58,1.2852517985611511,3.0801724137931035,5,B,4000
output/panelB_N4000_nGoutcross5_nloci500,24.276557224247107,62,1.4176258992805757,3.178225806451613,5,B,4000
output/panelB_N4000_nGoutcross5_nloci500,26.328598476427047,71,1.8748201438848922,3.6704225352112676,5,B,4000
output/panelB_N4000_nGoutcross5_nloci500,25.164948438169393,57,1.316546762589928,3.210526315789474,5,B,4000
output/panelB_N4000_nGoutcross5_nloci500,24.782926009549808,71,1.5410071942446044,3.0169014084507046,5,B,4000
output/panelB_N4000_nGoutcross5_nloci500,25.335309451346273,54,1.3226618705035973,3.4046296296296297,5,B,4000
output/panelB_N4000_nGoutcross5_nloci500,24.644940268382705,64,1.3330935251798561,2.8953125,5,B,4000
output/panelB_N4000_nGoutcross5_nloci500,24.674790120041834,61,1.4320143884892087,3.263114754098361,5,B,4000
output/panelB_N4000_nGoutcross5_nloci500,25.199495609252207,53,1.16294964028777,3.0500000000000003,5,B,4000
output/panelB_N4000_nGoutcross5_nloci500,25.519252303182455,57,1.4280575539568345,3.482456140350877,5,B,4000
output/panelB_N4000_nGoutcross5_nloci500,24.686878197814565,55,1.2312949640287771,3.111818181818182,5,B,4000
output/panelB_N4000_nGoutcross5_nloci500,24.40983839090151,56,1.2320143884892087,3.0580357142857144,5,B,4000
output/panelB_N4000_nGoutcross5_nloci500,25.16821495435565,64,1.569064748201439,3.4078125000000004,5,B,4000
output/panelB_N4000_nGoutcross5_nloci500,24.308533094203852,54,1.3467625899280578,3.466666666666667,5,B,4000
output/panelB_N4000_nGoutcross5_nloci500,24.925684210316845,52,1.2651079136690648,3.3817307692307694,5,B,4000
output/panelB_N4000_nGoutcross5_nloci500,24.855029224130202,55,1.3618705035971224,3.441818181818182,5,B,4000
output/panelB_N4000_nGoutcross5_nloci500,25.122277106341723,66,1.5726618705035973,3.3121212121212125,5,B,4000
output/panelB_N4000_nGoutcross5_nloci500,25.299776363800337,65,1.3996402877697842,2.993076923076923,5,B,4000
output/panelB_N4000_nGoutcross5_nloci500,24.59031680845425,58,1.3453237410071943,3.224137931034483,5,B,4000
output/panelB_N4000_nGoutcross5_nloci500,24.95674916287657,62,1.2902877697841728,2.8927419354838713,5,B,4000
output/panelB_N4000_nGoutcross5_nloci500,24.179577822427618,54,0.9535971223021583,2.45462962962963,5,B,4000
output/panelB_N4000_nGoutcross5_nloci500,24.95284619064723,61,1.227338129496403,2.79672131147541,5,B,4000
output/panelB_N4000_nGoutcross5_nloci500,25.29800125853836,56,1.3241007194244605,3.286607142857143,5,B,4000
output/panelB_N4000_nGoutcross5_nloci500,24.189540497118873,63,1.6906474820143886,3.7301587301587302,5,B,4000
output/panelB_N4000_nGoutcross5_nloci500,25.24083034647551,64,1.8755395683453238,4.0734375,5,B,4000
output/panelB_N4000_nGoutcross5_nloci500,25.027681930268262,54,1.1492805755395685,2.9583333333333335,5,B,4000
output/panelB_N4000_nGoutcross5_nloci500,24.36497137733351,50,1.3255395683453237,3.685,5,B,4000
output/panelB_N4000_nGoutcross5_nloci500,24.495716052171097,60,1.2467625899280577,2.8883333333333336,5,B,4000
output/panelB_N4000_nGoutcross5_nloci500,25.353261227602754,57,1.469064748201439,3.5824561403508772,5,B,4000
output/panelB_N4000_nGoutcross5_nloci500,25.47237365203161,61,0.9992805755395684,2.277049180327869,5,B,4000
output/panelB_N4000_nGoutcross5_nloci500,25.36246674170372,55,1.164748201438849,2.943636363636364,5,B,4000
output/panelB_N4000_nGoutcross5_nloci500,25.236093487830278,57,1.2928057553956835,3.1526315789473687,5,B,4000
output/panelB_N4000_nGoutcross5_nloci500,25.412054239933255,49,1.2967625899280577,3.678571428571429,5,B,4000
output/panelB_N4000_nGoutcross5_nloci500,24.221366205852725,60,1.25431654676259,2.9058333333333337,5,B,4000
output/panelB_N4000_nGoutcross5_nloci500,24.32200944685313,63,1.4402877697841727,3.177777777777778,5,B,4000
output/panelB_N4000_nGoutcross5_nloci500,25.630221693205044,60,1.2877697841726619,2.9833333333333334,5,B,4000
output/panelB_N4000_nGoutcross5_nloci500,25.164794217878143,53,1.3989208633093526,3.668867924528302,5,B,4000
output/panelB_N4000_nGoutcross5_nloci500,25.369302170436892,54,1.5053956834532376,3.8750000000000004,5,B,4000
output/panelB_N4000_nGoutcross5_nloci500,25.47369055691673,56,1.3057553956834533,3.241071428571429,5,B,4000
output/panelB_N4000_nGoutcross5_nloci500,24.453052379856608,59,1.3043165467625901,3.0728813559322035,5,B,4000
output/panelB_N4000_nGoutcross5_nloci500,24.835247647819102,64,1.4471223021582735,3.14296875,5,B,4000
output/panelB_N4000_nGoutcross5_nloci500,24.84022188381665,52,1.0039568345323742,2.683653846153846,5,B,4000
output/panelB_N4000_nGoutcross5_nloci500,24.497412603616983,54,1.0870503597122303,2.7981481481481483,5,B,4000
output/panelB_N4000_nGoutcross5_nloci500,24.972649106477817,58,1.5057553956834533,3.6086206896551727,5,B,4000
output/panelB_N4000_nGoutcross5_nloci500,25.383648163887283,57,1.4266187050359713,3.478947368421053,5,B,4000
output/panelB_N4000_nGoutcross5_nloci500,24.94663960970152,64,1.4557553956834532,3.1617187500000004,5,B,4000
output/panelB_N4000_nGoutcross5_nloci500,25.810223553795666,71,1.850359712230216,3.6225352112676057,5,B,4000
output/panelB_N4000_nGoutcross6_nloci500,26.432122949607177,49,0.9676258992805756,2.7448979591836737,6,B,4000
output/panelB_N4000_nGoutcross6_nloci500,27.473228528111136,66,1.6187050359712232,3.409090909090909,6,B,4000
output/panelB_N4000_nGoutcross6_nloci500,26.33248736231595,55,1.2118705035971225,3.062727272727273,6,B,4000
output/panelB_N4000_nGoutcross6_nloci500,27.801781676974212,57,1.1859712230215829,2.892105263157895,6,B,4000
output/panelB_N4000_nGoutcross6_nloci500,27.382059604265788,60,1.581654676258993,3.664166666666667,6,B,4000
output/panelB_N4000_nGoutcross6_nloci500,27.066473113180344,59,1.5442446043165468,3.638135593220339,6,B,4000
output/panelB_N4000_nGoutcross6_nloci500,26.17197932614662,69,1.7000000000000002,3.4246376811594206,6,B,4000
output/panelB_N4000_nGoutcross6_nloci500,25.859959193708594,54,1.218705035971223,3.1370370370370373,6,B,4000
output/panelB_N4000_nGoutcross6_nloci500,26.69778494066733,60,1.5276978417266187,3.539166666666667,6,B,4000
output/panelB_N4000_nGoutcross6_nloci500,26.49460741971044,61,1.485971223021583,3.386065573770492,6,B,4000
output/panelB_N4000_nGoutcross6_nloci500,26.567525375070133,52,1.2276978417266187,3.2817307692307693,6,B,4000
output/panelB_N4000_nGoutcross6_nloci500,26.144461524020304,63,1.4118705035971224,3.115079365079365,6,B,4000
output/panelB_N4000_nGoutcross6_nloci500,26.470372374664382,55,1.412230215827338,3.5690909090909093,6,B,4000
output/panelB_N4000_nGoutcross6_nloci500,26.495164682776988,57,1.456474820143885,3.5517543859649123,6,B,4000
output/panelB_N4000_nGoutcross6_nloci500,26.319477919846324,52,1.3028776978417267,3.4826923076923078,6,B,4000
output/panelB_N4000_nGoutcross6_nloci500,26.822033260982636,53,1.2003597122302159,3.14811320754717,6,B,4000
output/panelB_N4000_nGoutcross6_nloci500,27.033077478652434,62,1.2388489208633093,2.77741935483871,6,B,4000
output/panelB_N4000_nGoutcross6_nloci500,26.301989383639,53,0.9848920863309353,2.5830188679245283,6,B,4000
output/panelB_N4000_nGoutcross6_nloci500,27.129261520744496,63,1.7910071942446044,3.9515873015873018,6,B,4000
output/panelB_N4000_nGoutcross6_nloci500,26.539192563150877,54,1.5974820143884894,4.112037037037037,6,B,4000
output/panelB_N4000_nGoutcross6_nloci500,26.46103048898176,57,1.169064748201439,2.8508771929824563,6,B,4000
output/panelB_N4000_nGoutcross6_nloci500,26.414042191312106,56,1.2928057553956835,3.208928571428572,6,B,4000
output/panelB_N4000_nGoutcross6_nloci500,26.5923322136536,48,1.581294964028777,4.579166666666667,6,B,4000
output/panelB_N4000_nGoutcross6_nloci500,26.941487191301302,64,1.496043165467626,3.2492187500000003,6,B,4000
output/panelB_N4000_nGoutcross6_nloci500,26.970587723268395,56,1.3532374100719424,3.3589285714285717,6,B,4000
output/panelB_N4000_nGoutcross6_nloci500,27.28729943706395,62,1.297841726618705,2.9096774193548387,6,B,4000
output/panelB_N4000_nGoutcross6_nloci500,26.626682640849133,68,1.5935251798561152,3.2573529411764706,6,B,4000
output/panelB_N4000_nGoutcross6_nloci500,26.52910906139446,63,1.5345323741007195,3.385714285714286,6,B,4000
output/panelB_N4000_nGoutcross6_nloci500,27.861324136840544,63,1.5769784172661871,3.4793650793650794,6,B,4000
output/panelB_N4000_nGoutcross6_nloci500,27.595918474480197,65,1.492086330935252,3.190769230769231,6,B,4000
output/panelB_N4000_nGoutcross6_nloci500,26.93742948669096,64,1.3805755395683454,2.9984375,6,B,4000
output/panelB_N4000_nGoutcross6_nloci500,26.876755112119955,65,1.8762589928057556,4.012307692307693,6,B,4000
output/panelB_N4000_nGoutcross6_nloci500,26.611290238146584,66,1.375179856115108,2.8962121212121215,6,B,4000
output/panelB_N4000_nGoutcross6_nloci500,26.39597812288841,52,1.5485611510791368,4.1394230769230775,6,B,4000
output/panelB_N4000_nGoutcross6_nloci500,26.720114969010858,52,1.3629496402877699,3.643269230769231,6,B,4000
output/panelB_N4000_nGoutcross6_nloci500,27.00279065972165,63,1.6183453237410073,3.570634920634921,6,B,4000
output/panelB_N4000_nGoutcross6_nloci500,26.27249368351942,56,1.160431654676259,2.880357142857143,6,B,4000
output/panelB_N4000_nGoutcross6_nloci500,27.92326857139848,71,1.631654676258993,3.1943661971830988,6,B,4000
output/panelB_N4000_nGoutcross6_nloci500,26.775180462688922,55,1.1420863309352518,2.8863636363636367,6,B,4000
output/panelB_N4000_nGoutcross6_nloci500,26.96605804476,55,1.2528776978417266,3.1663636363636365,6,B,4000
output/panelB_N4000_nGoutcross6_nloci500,26.43305989155409,61,1.323021582733813,3.014754098360656,6,B,4000
output/panelB_N4000_nGoutcross6_nloci500,27.08783862019824,60,1.5402877697841728,3.5683333333333334,6,B,4000
output/panelB_N4000_nGoutcross6_nloci500,26.5649522961813,56,1.4348920863309353,3.561607142857143,6,B,4000
output/panelB_N4000_nGoutcross6_nloci500,27.427994831494644,62,1.6406474820143886,3.6782258064516133,6,B,4000
output/panelB_N4000_nGoutcross6_nloci500,26.761166570484455,51,0.9910071942446044,2.700980392156863,6,B,4000
output/panelB_N4000_nGoutcross6_nloci500,26.81428431197681,54,1.1784172661870504,3.0333333333333337,6,B,4000
output/panelB_N4000_nGoutcross6_nloci500,27.27118319256933,62,1.4413669064748202,3.231451612903226,6,B,4000
output/panelB_N4000_nGoutcross6_nloci500,25.824552780078783,51,1.2557553956834533,3.4225490196078434,6,B,4000
output/panelB_N4000_nGoutcross6_nloci500,27.17040926029914,57,1.316906474820144,3.21140350877193,6,B,4000
output/panelB_N4000_nGoutcross6_nloci500,26.63365991543741,48,1.3589928057553957,3.935416666666667,6,B,4000
output/panelB_N4000_nGoutcross7_nloci500,28.368167175276845,68,1.5298561151079137,3.1272058823529414,7,B,4000
output/panelB_N4000_nGoutcross7_nloci500,28.77872479851497,70,1.492086330935252,2.962857142857143,7,B,4000
output/panelB_N4000_nGoutcross7_nloci500,27.741568120179533,59,1.3223021582733814,3.1152542372881356,7,B,4000
output/panelB_N4000_nGoutcross7_nloci500,28.99165849037604,65,1.4906474820143885,3.187692307692308,7,B,4000
output/panelB_N4000_nGoutcross7_nloci500,27.93090107300722,55,1.3705035971223023,3.463636363636364,7,B,4000
output/panelB_N4000_nGoutcross7_nloci500,28.374066120238137,59,1.2636690647482014,2.977118644067797,7,B,4000
output/panelB_N4000_nGoutcross7_nloci500,28.648284444320193,57,1.4417266187050362,3.515789473684211,7,B,4000
output/panelB_N4000_nGoutcross7_nloci500,28.557295247271142,64,1.2960431654676259,2.81484375,7,B,4000
output/panelB_N4000_nGoutcross7_nloci500,27.91306787090026,60,1.3964028776978419,3.2350000000000003,7,B,4000
output/panelB_N4000_nGoutcross7_nloci500,28.318640741551047,53,1.2129496402877697,3.181132075471698,7,B,4000
output/panelB_N4000_nGoutcross7_nloci500,27.528574028032477,54,1.506474820143885,3.877777777777778,7,B,4000
output/panelB_N4000_nGoutcross7_nloci500,28.160923679092512,68,1.7010791366906475,3.4772058823529415,7,B,4000
output/panelB_N4000_nGoutcross7_nloci500,28.106039571208704,63,1.5348920863309354,3.386507936507937,7,B,4000
output/panelB_N4000_nGoutcross7_nloci500,30.22266229191596,56,1.2453237410071942,3.091071428571429,7,B,4000
output/panelB_N4000_nGoutcross7_nloci500,28.875325158441353,62,1.4503597122302159,3.2516129032258068,7,B,4000
output/panelB_N4000_nGoutcross7_nloci500,27.74862840625254,56,1.2697841726618706,3.1517857142857144,7,B,4000
output/panelB_N4000_nGoutcross7_nloci500,28.409339527847656,60,1.4719424460431656,3.41,7,B,4000
output/panelB_N4000_nGoutcross7_nloci500,28.673463825919452,55,1.0863309352517987,2.7454545454545456,7,B,4000
output/panelB_N4000_nGoutcross7_nloci500,28.290765992181843,55,0.8766187050359713,2.215454545454546,7,B,4000
output/panelB_N4000_nGoutcross7_nloci500,27.30987025721318,54,1.00863309352518,2.5962962962962965,7,B,4000
output/panelB_N4000_nGoutcross7_nloci500,28.640503282740642,57,1.2453237410071942,3.0368421052631582,7,B,4000
output/panelB_N4000_nGoutcross7_nloci500,28.00072674378084,54,1.1892086330935252,3.0611111111111113,7,B,4000
output/panelB_N4000_nGoutcross7_nloci500,28.630348362577813,54,1.5949640287769784,4.105555555555556,7,B,4000
output/panelB_N4000_nGoutcross7_nloci500,28.604929614124217,64,1.3845323741007196,3.0070312500000003,7,B,4000
output/panelB_N4000_nGoutcross7_nloci500,29.224516517623947,56,1.4928057553956835,3.7053571428571432,7,B,4000
output/panelB_N4000_nGoutcross7_nloci500,27.80835258138915,53,1.3758992805755397,3.608490566037736,7,B,4000
output/panelB_N4000_nGoutcross7_nloci500,28.917920793972762,65,1.1654676258992807,2.4923076923076923,7,B,4000
output/panelB_N4000_nGoutcross7_nloci500,28.555514622750167,58,1.3503597122302158,3.236206896551724,7,B,4000
output/panelB_N4000_nGoutcross7_nloci500,28.756503760956498,65,1.6021582733812951,3.4261538461538463,7,B,4000
output/panelB_N4000_nGoutcross7_nloci500,28.676235317775138,58,1.3507194244604317,3.2370689655172415,7,B,4000
output/panelB_N4000_nGoutcross7_nloci500,29.09664203667866,62,1.6579136690647482,3.716935483870968,7,B,4000
output/panelB_N4000_nGoutcross7_nloci500,28.4197110339522,57,1.5359712230215827,3.7456140350877196,7,B,4000
output/panelB_N4000_nGoutcross7_nloci500,29.14053734034486,59,1.310431654676259,3.0872881355932207,7,B,4000
output/panelB_N4000_nGoutcross7_nloci500,27.838983931762602,54,1.1420863309352518,2.939814814814815,7,B,4000
output/panelB_N4000_nGoutcross7_nloci500,28.211021152468184,59,1.256474820143885,2.960169491525424,7,B,4000
output/panelB_N4000_nGoutcross7_nloci500,27.85786108237386,56,1.4478417266187051,3.59375,7,B,4000
output/panelB_N4000_nGoutcross7_nloci500,28.41987237226626,63,1.476978417266187,3.258730158730159,7,B,4000
output/panelB_N4000_nGoutcross7_nloci500,27.55714319135605,62,1.2618705035971223,2.829032258064516,7,B,4000
output/panelB_N4000_nGoutcross7_nloci500,28.960427375273007,55,1.3539568345323743,3.421818181818182,7,B,4000
output/panelB_N4000_nGoutcross7_nloci500,28.30120588486198,63,1.237769784172662,2.730952380952381,7,B,4000
output/panelB_N4000_nGoutcross7_nloci500,28.625825001979454,54,1.1633093525179856,2.9944444444444445,7,B,4000
output/panelB_N4000_nGoutcross7_nloci500,28.499610322735286,66,1.1741007194244606,2.472727272727273,7,B,4000
output/panelB_N4000_nGoutcross7_nloci500,28.783347860685648,57,1.564388489208633,3.8149122807017544,7,B,4000
output/panelB_N4000_nGoutcross7_nloci500,27.553545250071767,55,1.0374100719424462,2.621818181818182,7,B,4000
output/panelB_N4000_nGoutcross7_nloci500,28.05613032319661,62,1.3571942446043166,3.042741935483871,7,B,4000
output/panelB_N4000_nGoutcross7_nloci500,27.84044584851539,61,1.4345323741007194,3.2688524590163937,7,B,4000
output/panelB_N4000_nGoutcross7_nloci500,29.428491976468905,57,1.4755395683453238,3.598245614035088,7,B,4000
output/panelB_N4000_nGoutcross7_nloci500,28.828876131853548,74,2.0784172661870506,3.9040540540540545,7,B,4000
output/panelB_N4000_nGoutcross7_nloci500,28.684490249104655,53,1.5053956834532374,3.94811320754717,7,B,4000
output/panelB_N4000_nGoutcross7_nloci500,28.938961558026307,66,1.5237410071942448,3.2090909090909094,7,B,4000
